"source","target","ligand","receptor","prob","pval","interaction_name","interaction_name_2","pathway_name","annotation","evidence","FDR","condition"
"B cell","DCTC","Ccl5","Ccr1",0.00151516530687434,0,"CCL5_CCR1","Ccl5  - Ccr1","CCL","Secreted Signaling","KEGG: mmu04060",0,"Control"
"CDPC","DCTC","Ccl5","Ccr1",0.000149392395670822,0,"CCL5_CCR1","Ccl5  - Ccr1","CCL","Secreted Signaling","KEGG: mmu04060",0,"Control"
"DCTC","DCTC","Ccl5","Ccr1",0.000118842328329856,0,"CCL5_CCR1","Ccl5  - Ccr1","CCL","Secreted Signaling","KEGG: mmu04060",0,"Control"
"Fibroblast","DCTC","Ccl5","Ccr1",0.000199472693302245,0,"CCL5_CCR1","Ccl5  - Ccr1","CCL","Secreted Signaling","KEGG: mmu04060",0,"Control"
"Macrophage","DCTC","Ccl5","Ccr1",1.95718041520335e-05,0,"CCL5_CCR1","Ccl5  - Ccr1","CCL","Secreted Signaling","KEGG: mmu04060",0,"Control"
"Medullary cell","DCTC","Ccl5","Ccr1",0.000115326709315035,0,"CCL5_CCR1","Ccl5  - Ccr1","CCL","Secreted Signaling","KEGG: mmu04060",0,"Control"
"Neutrophil","DCTC","Ccl5","Ccr1",6.52600669912231e-06,0.02,"CCL5_CCR1","Ccl5  - Ccr1","CCL","Secreted Signaling","KEGG: mmu04060",0.0202933673469388,"Control"
"NK cell","DCTC","Ccl5","Ccr1",0.000562924521034267,0,"CCL5_CCR1","Ccl5  - Ccr1","CCL","Secreted Signaling","KEGG: mmu04060",0,"Control"
"PTC-1","DCTC","Ccl5","Ccr1",5.68644196627468e-06,0.02,"CCL5_CCR1","Ccl5  - Ccr1","CCL","Secreted Signaling","KEGG: mmu04060",0.0202933673469388,"Control"
"PTC-2","DCTC","Ccl5","Ccr1",8.69908014019696e-05,0,"CCL5_CCR1","Ccl5  - Ccr1","CCL","Secreted Signaling","KEGG: mmu04060",0,"Control"
"PTC-3","DCTC","Ccl5","Ccr1",4.09545221948569e-06,0.02,"CCL5_CCR1","Ccl5  - Ccr1","CCL","Secreted Signaling","KEGG: mmu04060",0.0202933673469388,"Control"
"VEC","DCTC","Ccl5","Ccr1",4.08251644633314e-05,0,"CCL5_CCR1","Ccl5  - Ccr1","CCL","Secreted Signaling","KEGG: mmu04060",0,"Control"
"B cell","Macrophage","Ccl5","Ccr1",0.0661833381780363,0,"CCL5_CCR1","Ccl5  - Ccr1","CCL","Secreted Signaling","KEGG: mmu04060",0,"Control"
"CDPC","Macrophage","Ccl5","Ccr1",0.00693013485071372,0,"CCL5_CCR1","Ccl5  - Ccr1","CCL","Secreted Signaling","KEGG: mmu04060",0,"Control"
"DCTC","Macrophage","Ccl5","Ccr1",0.00552060989860924,0,"CCL5_CCR1","Ccl5  - Ccr1","CCL","Secreted Signaling","KEGG: mmu04060",0,"Control"
"Fibroblast","Macrophage","Ccl5","Ccr1",0.00923231109599872,0,"CCL5_CCR1","Ccl5  - Ccr1","CCL","Secreted Signaling","KEGG: mmu04060",0,"Control"
"Macrophage","Macrophage","Ccl5","Ccr1",0.000913294929186064,0,"CCL5_CCR1","Ccl5  - Ccr1","CCL","Secreted Signaling","KEGG: mmu04060",0,"Control"
"Medullary cell","Macrophage","Ccl5","Ccr1",0.00535815435793166,0,"CCL5_CCR1","Ccl5  - Ccr1","CCL","Secreted Signaling","KEGG: mmu04060",0,"Control"
"Neutrophil","Macrophage","Ccl5","Ccr1",0.000304709855175907,0,"CCL5_CCR1","Ccl5  - Ccr1","CCL","Secreted Signaling","KEGG: mmu04060",0,"Control"
"NK cell","Macrophage","Ccl5","Ccr1",0.025632214742328,0,"CCL5_CCR1","Ccl5  - Ccr1","CCL","Secreted Signaling","KEGG: mmu04060",0,"Control"
"PTC-1","Macrophage","Ccl5","Ccr1",0.000265519399487576,0,"CCL5_CCR1","Ccl5  - Ccr1","CCL","Secreted Signaling","KEGG: mmu04060",0,"Control"
"PTC-2","Macrophage","Ccl5","Ccr1",0.00404686318442931,0,"CCL5_CCR1","Ccl5  - Ccr1","CCL","Secreted Signaling","KEGG: mmu04060",0,"Control"
"PTC-3","Macrophage","Ccl5","Ccr1",0.00019124455674305,0,"CCL5_CCR1","Ccl5  - Ccr1","CCL","Secreted Signaling","KEGG: mmu04060",0,"Control"
"VEC","Macrophage","Ccl5","Ccr1",0.00190321055382363,0,"CCL5_CCR1","Ccl5  - Ccr1","CCL","Secreted Signaling","KEGG: mmu04060",0,"Control"
"B cell","Neutrophil","Ccl5","Ccr1",0.177253460309527,0,"CCL5_CCR1","Ccl5  - Ccr1","CCL","Secreted Signaling","KEGG: mmu04060",0,"Control"
"CDPC","Neutrophil","Ccl5","Ccr1",0.0207724214922401,0,"CCL5_CCR1","Ccl5  - Ccr1","CCL","Secreted Signaling","KEGG: mmu04060",0,"Control"
"DCTC","Neutrophil","Ccl5","Ccr1",0.0165945504293391,0,"CCL5_CCR1","Ccl5  - Ccr1","CCL","Secreted Signaling","KEGG: mmu04060",0,"Control"
"Fibroblast","Neutrophil","Ccl5","Ccr1",0.0275454280612007,0,"CCL5_CCR1","Ccl5  - Ccr1","CCL","Secreted Signaling","KEGG: mmu04060",0,"Control"
"Macrophage","Neutrophil","Ccl5","Ccr1",0.00277104993706121,0,"CCL5_CCR1","Ccl5  - Ccr1","CCL","Secreted Signaling","KEGG: mmu04060",0,"Control"
"Medullary cell","Neutrophil","Ccl5","Ccr1",0.0161115003952628,0,"CCL5_CCR1","Ccl5  - Ccr1","CCL","Secreted Signaling","KEGG: mmu04060",0,"Control"
"Neutrophil","Neutrophil","Ccl5","Ccr1",0.000925674416893045,0,"CCL5_CCR1","Ccl5  - Ccr1","CCL","Secreted Signaling","KEGG: mmu04060",0,"Control"
"NK cell","Neutrophil","Ccl5","Ccr1",0.0740448370274342,0,"CCL5_CCR1","Ccl5  - Ccr1","CCL","Secreted Signaling","KEGG: mmu04060",0,"Control"
"PTC-1","Neutrophil","Ccl5","Ccr1",0.000806682647240528,0,"CCL5_CCR1","Ccl5  - Ccr1","CCL","Secreted Signaling","KEGG: mmu04060",0,"Control"
"PTC-2","Neutrophil","Ccl5","Ccr1",0.0122008440755133,0,"CCL5_CCR1","Ccl5  - Ccr1","CCL","Secreted Signaling","KEGG: mmu04060",0,"Control"
"PTC-3","Neutrophil","Ccl5","Ccr1",0.000581113958427579,0,"CCL5_CCR1","Ccl5  - Ccr1","CCL","Secreted Signaling","KEGG: mmu04060",0,"Control"
"VEC","Neutrophil","Ccl5","Ccr1",0.00576296158377257,0,"CCL5_CCR1","Ccl5  - Ccr1","CCL","Secreted Signaling","KEGG: mmu04060",0,"Control"
"B cell","DCTC","Ccl3","Ccr1",0.000373082407609887,0,"CCL3_CCR1","Ccl3  - Ccr1","CCL","Secreted Signaling","KEGG: mmu04060",0,"Control"
"CDPC","DCTC","Ccl3","Ccr1",1.57856356039848e-05,0,"CCL3_CCR1","Ccl3  - Ccr1","CCL","Secreted Signaling","KEGG: mmu04060",0,"Control"
"DCTC","DCTC","Ccl3","Ccr1",0.000159495210927234,0,"CCL3_CCR1","Ccl3  - Ccr1","CCL","Secreted Signaling","KEGG: mmu04060",0,"Control"
"Fibroblast","DCTC","Ccl3","Ccr1",2.00168618986186e-05,0,"CCL3_CCR1","Ccl3  - Ccr1","CCL","Secreted Signaling","KEGG: mmu04060",0,"Control"
"Macrophage","DCTC","Ccl3","Ccr1",0.000295477539117805,0,"CCL3_CCR1","Ccl3  - Ccr1","CCL","Secreted Signaling","KEGG: mmu04060",0,"Control"
"Medullary cell","DCTC","Ccl3","Ccr1",2.03668523178255e-06,0.02,"CCL3_CCR1","Ccl3  - Ccr1","CCL","Secreted Signaling","KEGG: mmu04060",0.0202933673469388,"Control"
"Neutrophil","DCTC","Ccl3","Ccr1",5.83532888872668e-05,0,"CCL3_CCR1","Ccl3  - Ccr1","CCL","Secreted Signaling","KEGG: mmu04060",0,"Control"
"NK cell","DCTC","Ccl3","Ccr1",3.41063331928014e-05,0,"CCL3_CCR1","Ccl3  - Ccr1","CCL","Secreted Signaling","KEGG: mmu04060",0,"Control"
"PTC-2","DCTC","Ccl3","Ccr1",8.00170334240012e-06,0,"CCL3_CCR1","Ccl3  - Ccr1","CCL","Secreted Signaling","KEGG: mmu04060",0,"Control"
"B cell","Macrophage","Ccl3","Ccr1",0.0171328709877294,0,"CCL3_CCR1","Ccl3  - Ccr1","CCL","Secreted Signaling","KEGG: mmu04060",0,"Control"
"CDPC","Macrophage","Ccl3","Ccr1",0.000736745262545622,0,"CCL3_CCR1","Ccl3  - Ccr1","CCL","Secreted Signaling","KEGG: mmu04060",0,"Control"
"DCTC","Macrophage","Ccl3","Ccr1",0.00739540068443287,0,"CCL3_CCR1","Ccl3  - Ccr1","CCL","Secreted Signaling","KEGG: mmu04060",0,"Control"
"Fibroblast","Macrophage","Ccl3","Ccr1",0.000934044035853173,0,"CCL3_CCR1","Ccl3  - Ccr1","CCL","Secreted Signaling","KEGG: mmu04060",0,"Control"
"Macrophage","Macrophage","Ccl3","Ccr1",0.0136165504189616,0,"CCL3_CCR1","Ccl3  - Ccr1","CCL","Secreted Signaling","KEGG: mmu04060",0,"Control"
"Medullary cell","Macrophage","Ccl3","Ccr1",9.51156530144783e-05,0,"CCL3_CCR1","Ccl3  - Ccr1","CCL","Secreted Signaling","KEGG: mmu04060",0,"Control"
"Neutrophil","Macrophage","Ccl3","Ccr1",0.00271817298775832,0,"CCL3_CCR1","Ccl3  - Ccr1","CCL","Secreted Signaling","KEGG: mmu04060",0,"Control"
"NK cell","Macrophage","Ccl3","Ccr1",0.00159047579254216,0,"CCL3_CCR1","Ccl3  - Ccr1","CCL","Secreted Signaling","KEGG: mmu04060",0,"Control"
"PTC-2","Macrophage","Ccl3","Ccr1",0.000373587338893019,0,"CCL3_CCR1","Ccl3  - Ccr1","CCL","Secreted Signaling","KEGG: mmu04060",0,"Control"
"B cell","Neutrophil","Ccl3","Ccr1",0.0503214966503266,0,"CCL3_CCR1","Ccl3  - Ccr1","CCL","Secreted Signaling","KEGG: mmu04060",0,"Control"
"CDPC","Neutrophil","Ccl3","Ccr1",0.00223618018063095,0,"CCL3_CCR1","Ccl3  - Ccr1","CCL","Secreted Signaling","KEGG: mmu04060",0,"Control"
"DCTC","Neutrophil","Ccl3","Ccr1",0.0221462869628646,0,"CCL3_CCR1","Ccl3  - Ccr1","CCL","Secreted Signaling","KEGG: mmu04060",0,"Control"
"Fibroblast","Neutrophil","Ccl3","Ccr1",0.00283388557967222,0,"CCL3_CCR1","Ccl3  - Ccr1","CCL","Secreted Signaling","KEGG: mmu04060",0,"Control"
"Macrophage","Neutrophil","Ccl3","Ccr1",0.0402727028055555,0,"CCL3_CCR1","Ccl3  - Ccr1","CCL","Secreted Signaling","KEGG: mmu04060",0,"Control"
"Medullary cell","Neutrophil","Ccl3","Ccr1",0.000289074212031597,0,"CCL3_CCR1","Ccl3  - Ccr1","CCL","Secreted Signaling","KEGG: mmu04060",0,"Control"
"Neutrophil","Neutrophil","Ccl3","Ccr1",0.00821707821079118,0,"CCL3_CCR1","Ccl3  - Ccr1","CCL","Secreted Signaling","KEGG: mmu04060",0,"Control"
"NK cell","Neutrophil","Ccl3","Ccr1",0.00481905638050651,0,"CCL3_CCR1","Ccl3  - Ccr1","CCL","Secreted Signaling","KEGG: mmu04060",0,"Control"
"PTC-2","Neutrophil","Ccl3","Ccr1",0.0011347571708522,0,"CCL3_CCR1","Ccl3  - Ccr1","CCL","Secreted Signaling","KEGG: mmu04060",0,"Control"
"DCTC","DCTC","Ccl9","Ccr1",0.000115520127435916,0,"CCL9_CCR1","Ccl9  - Ccr1","CCL","Secreted Signaling","KEGG: mmu04060",0,"Control"
"Fibroblast","DCTC","Ccl9","Ccr1",4.25998115696484e-06,0,"CCL9_CCR1","Ccl9  - Ccr1","CCL","Secreted Signaling","KEGG: mmu04060",0,"Control"
"Macrophage","DCTC","Ccl9","Ccr1",0.000313689848305699,0,"CCL9_CCR1","Ccl9  - Ccr1","CCL","Secreted Signaling","KEGG: mmu04060",0,"Control"
"Medullary cell","DCTC","Ccl9","Ccr1",1.70275113577093e-06,0,"CCL9_CCR1","Ccl9  - Ccr1","CCL","Secreted Signaling","KEGG: mmu04060",0,"Control"
"PTC-2","DCTC","Ccl9","Ccr1",1.50005568315401e-06,0.02,"CCL9_CCR1","Ccl9  - Ccr1","CCL","Secreted Signaling","KEGG: mmu04060",0.0202933673469388,"Control"
"DCTC","Macrophage","Ccl9","Ccr1",0.0053670934925196,0,"CCL9_CCR1","Ccl9  - Ccr1","CCL","Secreted Signaling","KEGG: mmu04060",0,"Control"
"Fibroblast","Macrophage","Ccl9","Ccr1",0.000198926037758754,0,"CCL9_CCR1","Ccl9  - Ccr1","CCL","Secreted Signaling","KEGG: mmu04060",0,"Control"
"Macrophage","Macrophage","Ccl9","Ccr1",0.0144439688960297,0,"CCL9_CCR1","Ccl9  - Ccr1","CCL","Secreted Signaling","KEGG: mmu04060",0,"Control"
"Medullary cell","Macrophage","Ccl9","Ccr1",7.95217421875408e-05,0,"CCL9_CCR1","Ccl9  - Ccr1","CCL","Secreted Signaling","KEGG: mmu04060",0,"Control"
"PTC-2","Macrophage","Ccl9","Ccr1",7.00561249573235e-05,0,"CCL9_CCR1","Ccl9  - Ccr1","CCL","Secreted Signaling","KEGG: mmu04060",0,"Control"
"DCTC","Neutrophil","Ccl9","Ccr1",0.0161380885113517,0,"CCL9_CCR1","Ccl9  - Ccr1","CCL","Secreted Signaling","KEGG: mmu04060",0,"Control"
"Fibroblast","Neutrophil","Ccl9","Ccr1",0.000604445369223452,0,"CCL9_CCR1","Ccl9  - Ccr1","CCL","Secreted Signaling","KEGG: mmu04060",0,"Control"
"Macrophage","Neutrophil","Ccl9","Ccr1",0.0426498626071726,0,"CCL9_CCR1","Ccl9  - Ccr1","CCL","Secreted Signaling","KEGG: mmu04060",0,"Control"
"Medullary cell","Neutrophil","Ccl9","Ccr1",0.000241689094375061,0,"CCL9_CCR1","Ccl9  - Ccr1","CCL","Secreted Signaling","KEGG: mmu04060",0,"Control"
"PTC-2","Neutrophil","Ccl9","Ccr1",0.000212924513456327,0,"CCL9_CCR1","Ccl9  - Ccr1","CCL","Secreted Signaling","KEGG: mmu04060",0,"Control"
"CDPC","DCTC","Ccl6","Ccr1",3.0323068626549e-06,0.02,"CCL6_CCR1","Ccl6  - Ccr1","CCL","Secreted Signaling","KEGG: mmu04060",0.0202933673469388,"Control"
"DCTC","DCTC","Ccl6","Ccr1",0.000144681078186823,0,"CCL6_CCR1","Ccl6  - Ccr1","CCL","Secreted Signaling","KEGG: mmu04060",0,"Control"
"Fibroblast","DCTC","Ccl6","Ccr1",2.17682005705552e-05,0,"CCL6_CCR1","Ccl6  - Ccr1","CCL","Secreted Signaling","KEGG: mmu04060",0,"Control"
"Macrophage","DCTC","Ccl6","Ccr1",0.000389380844969625,0,"CCL6_CCR1","Ccl6  - Ccr1","CCL","Secreted Signaling","KEGG: mmu04060",0,"Control"
"Medullary cell","DCTC","Ccl6","Ccr1",1.39196642976302e-05,0,"CCL6_CCR1","Ccl6  - Ccr1","CCL","Secreted Signaling","KEGG: mmu04060",0,"Control"
"Neutrophil","DCTC","Ccl6","Ccr1",0.000488465398623914,0,"CCL6_CCR1","Ccl6  - Ccr1","CCL","Secreted Signaling","KEGG: mmu04060",0,"Control"
"PTC-2","DCTC","Ccl6","Ccr1",1.95010491797139e-05,0,"CCL6_CCR1","Ccl6  - Ccr1","CCL","Secreted Signaling","KEGG: mmu04060",0,"Control"
"CDPC","Macrophage","Ccl6","Ccr1",0.000141605938919279,0,"CCL6_CCR1","Ccl6  - Ccr1","CCL","Secreted Signaling","KEGG: mmu04060",0,"Control"
"DCTC","Macrophage","Ccl6","Ccr1",0.00671301819177153,0,"CCL6_CCR1","Ccl6  - Ccr1","CCL","Secreted Signaling","KEGG: mmu04060",0,"Control"
"Fibroblast","Macrophage","Ccl6","Ccr1",0.00101568528098593,0,"CCL6_CCR1","Ccl6  - Ccr1","CCL","Secreted Signaling","KEGG: mmu04060",0,"Control"
"Macrophage","Macrophage","Ccl6","Ccr1",0.0178682483088389,0,"CCL6_CCR1","Ccl6  - Ccr1","CCL","Secreted Signaling","KEGG: mmu04060",0,"Control"
"Medullary cell","Macrophage","Ccl6","Ccr1",0.000649712247892519,0,"CCL6_CCR1","Ccl6  - Ccr1","CCL","Secreted Signaling","KEGG: mmu04060",0,"Control"
"Neutrophil","Macrophage","Ccl6","Ccr1",0.0223158319630751,0,"CCL6_CCR1","Ccl6  - Ccr1","CCL","Secreted Signaling","KEGG: mmu04060",0,"Control"
"PTC-2","Macrophage","Ccl6","Ccr1",0.000909996172879523,0,"CCL6_CCR1","Ccl6  - Ccr1","CCL","Secreted Signaling","KEGG: mmu04060",0,"Control"
"CDPC","Neutrophil","Ccl6","Ccr1",0.000430326063212275,0,"CCL6_CCR1","Ccl6  - Ccr1","CCL","Secreted Signaling","KEGG: mmu04060",0,"Control"
"DCTC","Neutrophil","Ccl6","Ccr1",0.0201304257952386,0,"CCL6_CCR1","Ccl6  - Ccr1","CCL","Secreted Signaling","KEGG: mmu04060",0,"Control"
"Fibroblast","Neutrophil","Ccl6","Ccr1",0.0030810726506681,0,"CCL6_CCR1","Ccl6  - Ccr1","CCL","Secreted Signaling","KEGG: mmu04060",0,"Control"
"Macrophage","Neutrophil","Ccl6","Ccr1",0.0524054425622534,0,"CCL6_CCR1","Ccl6  - Ccr1","CCL","Secreted Signaling","KEGG: mmu04060",0,"Control"
"Medullary cell","Neutrophil","Ccl6","Ccr1",0.00197236590436558,0,"CCL6_CCR1","Ccl6  - Ccr1","CCL","Secreted Signaling","KEGG: mmu04060",0,"Control"
"Neutrophil","Neutrophil","Ccl6","Ccr1",0.0648817619529307,0,"CCL6_CCR1","Ccl6  - Ccr1","CCL","Secreted Signaling","KEGG: mmu04060",0,"Control"
"PTC-2","Neutrophil","Ccl6","Ccr1",0.002761059645703,0,"CCL6_CCR1","Ccl6  - Ccr1","CCL","Secreted Signaling","KEGG: mmu04060",0,"Control"
"CDPC","DCTC","Ccl7","Ccr1",2.66038776233371e-06,0,"CCL7_CCR1","Ccl7  - Ccr1","CCL","Secreted Signaling","KEGG: mmu04060",0,"Control"
"DCTC","DCTC","Ccl7","Ccr1",0.000126056329095504,0,"CCL7_CCR1","Ccl7  - Ccr1","CCL","Secreted Signaling","KEGG: mmu04060",0,"Control"
"Fibroblast","DCTC","Ccl7","Ccr1",5.003204540506e-05,0,"CCL7_CCR1","Ccl7  - Ccr1","CCL","Secreted Signaling","KEGG: mmu04060",0,"Control"
"Macrophage","DCTC","Ccl7","Ccr1",0.000158952613732215,0,"CCL7_CCR1","Ccl7  - Ccr1","CCL","Secreted Signaling","KEGG: mmu04060",0,"Control"
"Medullary cell","DCTC","Ccl7","Ccr1",6.18764156238087e-06,0,"CCL7_CCR1","Ccl7  - Ccr1","CCL","Secreted Signaling","KEGG: mmu04060",0,"Control"
"PTC-2","DCTC","Ccl7","Ccr1",5.17271752974238e-06,0,"CCL7_CCR1","Ccl7  - Ccr1","CCL","Secreted Signaling","KEGG: mmu04060",0,"Control"
"PTC-3","DCTC","Ccl7","Ccr1",2.19574632040107e-05,0,"CCL7_CCR1","Ccl7  - Ccr1","CCL","Secreted Signaling","KEGG: mmu04060",0,"Control"
"CDPC","Macrophage","Ccl7","Ccr1",0.000124239770956408,0,"CCL7_CCR1","Ccl7  - Ccr1","CCL","Secreted Signaling","KEGG: mmu04060",0,"Control"
"DCTC","Macrophage","Ccl7","Ccr1",0.00585380384028609,0,"CCL7_CCR1","Ccl7  - Ccr1","CCL","Secreted Signaling","KEGG: mmu04060",0,"Control"
"Fibroblast","Macrophage","Ccl7","Ccr1",0.00233144286791732,0,"CCL7_CCR1","Ccl7  - Ccr1","CCL","Secreted Signaling","KEGG: mmu04060",0,"Control"
"Macrophage","Macrophage","Ccl7","Ccr1",0.00737042324840252,0,"CCL7_CCR1","Ccl7  - Ccr1","CCL","Secreted Signaling","KEGG: mmu04060",0,"Control"
"Medullary cell","Macrophage","Ccl7","Ccr1",0.000288915504014497,0,"CCL7_CCR1","Ccl7  - Ccr1","CCL","Secreted Signaling","KEGG: mmu04060",0,"Control"
"PTC-2","Macrophage","Ccl7","Ccr1",0.000241537520577366,0,"CCL7_CCR1","Ccl7  - Ccr1","CCL","Secreted Signaling","KEGG: mmu04060",0,"Control"
"PTC-3","Macrophage","Ccl7","Ccr1",0.00102450725709581,0,"CCL7_CCR1","Ccl7  - Ccr1","CCL","Secreted Signaling","KEGG: mmu04060",0,"Control"
"CDPC","Neutrophil","Ccl7","Ccr1",0.000377565413604275,0,"CCL7_CCR1","Ccl7  - Ccr1","CCL","Secreted Signaling","KEGG: mmu04060",0,"Control"
"DCTC","Neutrophil","Ccl7","Ccr1",0.0175842891739584,0,"CCL7_CCR1","Ccl7  - Ccr1","CCL","Secreted Signaling","KEGG: mmu04060",0,"Control"
"Fibroblast","Neutrophil","Ccl7","Ccr1",0.00705352062658219,0,"CCL7_CCR1","Ccl7  - Ccr1","CCL","Secreted Signaling","KEGG: mmu04060",0,"Control"
"Macrophage","Neutrophil","Ccl7","Ccr1",0.0220725973162955,0,"CCL7_CCR1","Ccl7  - Ccr1","CCL","Secreted Signaling","KEGG: mmu04060",0,"Control"
"Medullary cell","Neutrophil","Ccl7","Ccr1",0.000877721206733314,0,"CCL7_CCR1","Ccl7  - Ccr1","CCL","Secreted Signaling","KEGG: mmu04060",0,"Control"
"PTC-2","Neutrophil","Ccl7","Ccr1",0.000733858443147651,0,"CCL7_CCR1","Ccl7  - Ccr1","CCL","Secreted Signaling","KEGG: mmu04060",0,"Control"
"PTC-3","Neutrophil","Ccl7","Ccr1",0.00310777823167081,0,"CCL7_CCR1","Ccl7  - Ccr1","CCL","Secreted Signaling","KEGG: mmu04060",0,"Control"
"DCTC","B cell","Ccl6","Ccr2",0.0110625038411611,0,"CCL6_CCR2","Ccl6  - Ccr2","CCL","Secreted Signaling","KEGG: mmu04060",0,"Control"
"Fibroblast","B cell","Ccl6","Ccr2",0.00168000961497332,0,"CCL6_CCR2","Ccl6  - Ccr2","CCL","Secreted Signaling","KEGG: mmu04060",0,"Control"
"Macrophage","B cell","Ccl6","Ccr2",0.0292326965214033,0,"CCL6_CCR2","Ccl6  - Ccr2","CCL","Secreted Signaling","KEGG: mmu04060",0,"Control"
"Medullary cell","B cell","Ccl6","Ccr2",0.00107492394566891,0,"CCL6_CCR2","Ccl6  - Ccr2","CCL","Secreted Signaling","KEGG: mmu04060",0,"Control"
"Neutrophil","B cell","Ccl6","Ccr2",0.0364041529045646,0,"CCL6_CCR2","Ccl6  - Ccr2","CCL","Secreted Signaling","KEGG: mmu04060",0,"Control"
"PTC-2","B cell","Ccl6","Ccr2",0.0015052971090497,0,"CCL6_CCR2","Ccl6  - Ccr2","CCL","Secreted Signaling","KEGG: mmu04060",0,"Control"
"DCTC","DCTC","Ccl6","Ccr2",0.00270064834033498,0,"CCL6_CCR2","Ccl6  - Ccr2","CCL","Secreted Signaling","KEGG: mmu04060",0,"Control"
"Fibroblast","DCTC","Ccl6","Ccr2",0.00040721430171814,0,"CCL6_CCR2","Ccl6  - Ccr2","CCL","Secreted Signaling","KEGG: mmu04060",0,"Control"
"Macrophage","DCTC","Ccl6","Ccr2",0.00723697778764096,0,"CCL6_CCR2","Ccl6  - Ccr2","CCL","Secreted Signaling","KEGG: mmu04060",0,"Control"
"Medullary cell","DCTC","Ccl6","Ccr2",0.00026042916239156,0,"CCL6_CCR2","Ccl6  - Ccr2","CCL","Secreted Signaling","KEGG: mmu04060",0,"Control"
"Neutrophil","DCTC","Ccl6","Ccr2",0.00906275153000903,0,"CCL6_CCR2","Ccl6  - Ccr2","CCL","Secreted Signaling","KEGG: mmu04060",0,"Control"
"PTC-2","DCTC","Ccl6","Ccr2",0.000364817703098059,0,"CCL6_CCR2","Ccl6  - Ccr2","CCL","Secreted Signaling","KEGG: mmu04060",0,"Control"
"DCTC","Fibroblast","Ccl6","Ccr2",0.000332443944387357,0.02,"CCL6_CCR2","Ccl6  - Ccr2","CCL","Secreted Signaling","KEGG: mmu04060",0.0202933673469388,"Control"
"Macrophage","Fibroblast","Ccl6","Ccr2",0.000894423824245511,0,"CCL6_CCR2","Ccl6  - Ccr2","CCL","Secreted Signaling","KEGG: mmu04060",0,"Control"
"Neutrophil","Fibroblast","Ccl6","Ccr2",0.0011218808847615,0,"CCL6_CCR2","Ccl6  - Ccr2","CCL","Secreted Signaling","KEGG: mmu04060",0,"Control"
"CDPC","Macrophage","Ccl6","Ccr2",0.000271525924275997,0,"CCL6_CCR2","Ccl6  - Ccr2","CCL","Secreted Signaling","KEGG: mmu04060",0,"Control"
"DCTC","Macrophage","Ccl6","Ccr2",0.0127948954286868,0,"CCL6_CCR2","Ccl6  - Ccr2","CCL","Secreted Signaling","KEGG: mmu04060",0,"Control"
"Fibroblast","Macrophage","Ccl6","Ccr2",0.00194599088176549,0,"CCL6_CCR2","Ccl6  - Ccr2","CCL","Secreted Signaling","KEGG: mmu04060",0,"Control"
"Macrophage","Macrophage","Ccl6","Ccr2",0.0337135424404188,0,"CCL6_CCR2","Ccl6  - Ccr2","CCL","Secreted Signaling","KEGG: mmu04060",0,"Control"
"Medullary cell","Macrophage","Ccl6","Ccr2",0.00124522676779823,0,"CCL6_CCR2","Ccl6  - Ccr2","CCL","Secreted Signaling","KEGG: mmu04060",0,"Control"
"Neutrophil","Macrophage","Ccl6","Ccr2",0.0419367665454487,0,"CCL6_CCR2","Ccl6  - Ccr2","CCL","Secreted Signaling","KEGG: mmu04060",0,"Control"
"PTC-2","Macrophage","Ccl6","Ccr2",0.00174366598108042,0,"CCL6_CCR2","Ccl6  - Ccr2","CCL","Secreted Signaling","KEGG: mmu04060",0,"Control"
"DCTC","NK cell","Ccl6","Ccr2",0.0022602587856534,0,"CCL6_CCR2","Ccl6  - Ccr2","CCL","Secreted Signaling","KEGG: mmu04060",0,"Control"
"Fibroblast","NK cell","Ccl6","Ccr2",0.000340682889497025,0,"CCL6_CCR2","Ccl6  - Ccr2","CCL","Secreted Signaling","KEGG: mmu04060",0,"Control"
"Macrophage","NK cell","Ccl6","Ccr2",0.0060613535847753,0,"CCL6_CCR2","Ccl6  - Ccr2","CCL","Secreted Signaling","KEGG: mmu04060",0,"Control"
"Medullary cell","NK cell","Ccl6","Ccr2",0.000217874545632485,0,"CCL6_CCR2","Ccl6  - Ccr2","CCL","Secreted Signaling","KEGG: mmu04060",0,"Control"
"Neutrophil","NK cell","Ccl6","Ccr2",0.00759280451959522,0,"CCL6_CCR2","Ccl6  - Ccr2","CCL","Secreted Signaling","KEGG: mmu04060",0,"Control"
"PTC-2","NK cell","Ccl6","Ccr2",0.000305211009155634,0,"CCL6_CCR2","Ccl6  - Ccr2","CCL","Secreted Signaling","KEGG: mmu04060",0,"Control"
"Macrophage","PTC-3","Ccl6","Ccr2",0.000623961188950709,0,"CCL6_CCR2","Ccl6  - Ccr2","CCL","Secreted Signaling","KEGG: mmu04060",0,"Control"
"Neutrophil","PTC-3","Ccl6","Ccr2",0.00078269194646457,0.01,"CCL6_CCR2","Ccl6  - Ccr2","CCL","Secreted Signaling","KEGG: mmu04060",0.0102787263497923,"Control"
"CDPC","B cell","Ccl7","Ccr2",0.000205620685751796,0,"CCL7_CCR2","Ccl7  - Ccr2","CCL","Secreted Signaling","KEGG: mmu04060",0,"Control"
"DCTC","B cell","Ccl7","Ccr2",0.00965199859039415,0,"CCL7_CCR2","Ccl7  - Ccr2","CCL","Secreted Signaling","KEGG: mmu04060",0,"Control"
"Fibroblast","B cell","Ccl7","Ccr2",0.00385303910748886,0,"CCL7_CCR2","Ccl7  - Ccr2","CCL","Secreted Signaling","KEGG: mmu04060",0,"Control"
"Macrophage","B cell","Ccl7","Ccr2",0.0121406473070097,0,"CCL7_CCR2","Ccl7  - Ccr2","CCL","Secreted Signaling","KEGG: mmu04060",0,"Control"
"Medullary cell","B cell","Ccl7","Ccr2",0.000478112567328921,0,"CCL7_CCR2","Ccl7  - Ccr2","CCL","Secreted Signaling","KEGG: mmu04060",0,"Control"
"PTC-2","B cell","Ccl7","Ccr2",0.000399721394363016,0,"CCL7_CCR2","Ccl7  - Ccr2","CCL","Secreted Signaling","KEGG: mmu04060",0,"Control"
"PTC-3","B cell","Ccl7","Ccr2",0.00169459195012319,0,"CCL7_CCR2","Ccl7  - Ccr2","CCL","Secreted Signaling","KEGG: mmu04060",0,"Control"
"DCTC","DCTC","Ccl7","Ccr2",0.00235376931014245,0,"CCL7_CCR2","Ccl7  - Ccr2","CCL","Secreted Signaling","KEGG: mmu04060",0,"Control"
"Fibroblast","DCTC","Ccl7","Ccr2",0.000935473417808402,0,"CCL7_CCR2","Ccl7  - Ccr2","CCL","Secreted Signaling","KEGG: mmu04060",0,"Control"
"Macrophage","DCTC","Ccl7","Ccr2",0.00296629593101521,0,"CCL7_CCR2","Ccl7  - Ccr2","CCL","Secreted Signaling","KEGG: mmu04060",0,"Control"
"Medullary cell","DCTC","Ccl7","Ccr2",0.000115783180010369,0,"CCL7_CCR2","Ccl7  - Ccr2","CCL","Secreted Signaling","KEGG: mmu04060",0,"Control"
"PTC-2","DCTC","Ccl7","Ccr2",9.67936564176859e-05,0,"CCL7_CCR2","Ccl7  - Ccr2","CCL","Secreted Signaling","KEGG: mmu04060",0,"Control"
"PTC-3","DCTC","Ccl7","Ccr2",0.000410753431447103,0,"CCL7_CCR2","Ccl7  - Ccr2","CCL","Secreted Signaling","KEGG: mmu04060",0,"Control"
"DCTC","Fibroblast","Ccl7","Ccr2",0.000289655543539023,0,"CCL7_CCR2","Ccl7  - Ccr2","CCL","Secreted Signaling","KEGG: mmu04060",0,"Control"
"Fibroblast","Fibroblast","Ccl7","Ccr2",0.000114976293611037,0.03,"CCL7_CCR2","Ccl7  - Ccr2","CCL","Secreted Signaling","KEGG: mmu04060",0.0301870256595591,"Control"
"Macrophage","Fibroblast","Ccl7","Ccr2",0.00036522989534547,0,"CCL7_CCR2","Ccl7  - Ccr2","CCL","Secreted Signaling","KEGG: mmu04060",0,"Control"
"CDPC","Macrophage","Ccl7","Ccr2",0.000238230518246507,0,"CCL7_CCR2","Ccl7  - Ccr2","CCL","Secreted Signaling","KEGG: mmu04060",0,"Control"
"DCTC","Macrophage","Ccl7","Ccr2",0.0111659986089646,0,"CCL7_CCR2","Ccl7  - Ccr2","CCL","Secreted Signaling","KEGG: mmu04060",0,"Control"
"Fibroblast","Macrophage","Ccl7","Ccr2",0.00446151966743549,0,"CCL7_CCR2","Ccl7  - Ccr2","CCL","Secreted Signaling","KEGG: mmu04060",0,"Control"
"Macrophage","Macrophage","Ccl7","Ccr2",0.0140394795930961,0,"CCL7_CCR2","Ccl7  - Ccr2","CCL","Secreted Signaling","KEGG: mmu04060",0,"Control"
"Medullary cell","Macrophage","Ccl7","Ccr2",0.000553913538600557,0,"CCL7_CCR2","Ccl7  - Ccr2","CCL","Secreted Signaling","KEGG: mmu04060",0,"Control"
"PTC-2","Macrophage","Ccl7","Ccr2",0.000463099822615465,0,"CCL7_CCR2","Ccl7  - Ccr2","CCL","Secreted Signaling","KEGG: mmu04060",0,"Control"
"PTC-3","Macrophage","Ccl7","Ccr2",0.00196287737152166,0,"CCL7_CCR2","Ccl7  - Ccr2","CCL","Secreted Signaling","KEGG: mmu04060",0,"Control"
"DCTC","NK cell","Ccl7","Ccr2",0.00196983292971024,0,"CCL7_CCR2","Ccl7  - Ccr2","CCL","Secreted Signaling","KEGG: mmu04060",0,"Control"
"Fibroblast","NK cell","Ccl7","Ccr2",0.000782701652627745,0,"CCL7_CCR2","Ccl7  - Ccr2","CCL","Secreted Signaling","KEGG: mmu04060",0,"Control"
"Macrophage","NK cell","Ccl7","Ccr2",0.00248269557052149,0,"CCL7_CCR2","Ccl7  - Ccr2","CCL","Secreted Signaling","KEGG: mmu04060",0,"Control"
"Medullary cell","NK cell","Ccl7","Ccr2",9.68616998633895e-05,0,"CCL7_CCR2","Ccl7  - Ccr2","CCL","Secreted Signaling","KEGG: mmu04060",0,"Control"
"PTC-2","NK cell","Ccl7","Ccr2",8.09752245291746e-05,0,"CCL7_CCR2","Ccl7  - Ccr2","CCL","Secreted Signaling","KEGG: mmu04060",0,"Control"
"PTC-3","NK cell","Ccl7","Ccr2",0.000343643988568917,0,"CCL7_CCR2","Ccl7  - Ccr2","CCL","Secreted Signaling","KEGG: mmu04060",0,"Control"
"DCTC","PTC-3","Ccl7","Ccr2",0.000202030332053889,0,"CCL7_CCR2","Ccl7  - Ccr2","CCL","Secreted Signaling","KEGG: mmu04060",0,"Control"
"Macrophage","PTC-3","Ccl7","Ccr2",0.000254748117773257,0,"CCL7_CCR2","Ccl7  - Ccr2","CCL","Secreted Signaling","KEGG: mmu04060",0,"Control"
"CDPC","B cell","Ccl2","Ccr2",0.00471364953018751,0,"CCL2_CCR2","Ccl2  - Ccr2","CCL","Secreted Signaling","KEGG: mmu04060",0,"Control"
"DCTC","B cell","Ccl2","Ccr2",0.0247045262389431,0,"CCL2_CCR2","Ccl2  - Ccr2","CCL","Secreted Signaling","KEGG: mmu04060",0,"Control"
"Fibroblast","B cell","Ccl2","Ccr2",0.0151343809102384,0,"CCL2_CCR2","Ccl2  - Ccr2","CCL","Secreted Signaling","KEGG: mmu04060",0,"Control"
"Macrophage","B cell","Ccl2","Ccr2",0.0292517620730353,0,"CCL2_CCR2","Ccl2  - Ccr2","CCL","Secreted Signaling","KEGG: mmu04060",0,"Control"
"Medullary cell","B cell","Ccl2","Ccr2",0.00476165664403798,0,"CCL2_CCR2","Ccl2  - Ccr2","CCL","Secreted Signaling","KEGG: mmu04060",0,"Control"
"NK cell","B cell","Ccl2","Ccr2",0.00283565428124517,0,"CCL2_CCR2","Ccl2  - Ccr2","CCL","Secreted Signaling","KEGG: mmu04060",0,"Control"
"PTC-2","B cell","Ccl2","Ccr2",0.00716023373561351,0,"CCL2_CCR2","Ccl2  - Ccr2","CCL","Secreted Signaling","KEGG: mmu04060",0,"Control"
"PTC-3","B cell","Ccl2","Ccr2",0.00116047095166709,0.02,"CCL2_CCR2","Ccl2  - Ccr2","CCL","Secreted Signaling","KEGG: mmu04060",0.0202933673469388,"Control"
"CDPC","DCTC","Ccl2","Ccr2",0.00114516884598874,0,"CCL2_CCR2","Ccl2  - Ccr2","CCL","Secreted Signaling","KEGG: mmu04060",0,"Control"
"DCTC","DCTC","Ccl2","Ccr2",0.00609457312998888,0,"CCL2_CCR2","Ccl2  - Ccr2","CCL","Secreted Signaling","KEGG: mmu04060",0,"Control"
"Fibroblast","DCTC","Ccl2","Ccr2",0.0037062354463488,0,"CCL2_CCR2","Ccl2  - Ccr2","CCL","Secreted Signaling","KEGG: mmu04060",0,"Control"
"Macrophage","DCTC","Ccl2","Ccr2",0.00724180475772332,0,"CCL2_CCR2","Ccl2  - Ccr2","CCL","Secreted Signaling","KEGG: mmu04060",0,"Control"
"Medullary cell","DCTC","Ccl2","Ccr2",0.00115687429341363,0,"CCL2_CCR2","Ccl2  - Ccr2","CCL","Secreted Signaling","KEGG: mmu04060",0,"Control"
"NK cell","DCTC","Ccl2","Ccr2",0.000687932110215057,0,"CCL2_CCR2","Ccl2  - Ccr2","CCL","Secreted Signaling","KEGG: mmu04060",0,"Control"
"PTC-2","DCTC","Ccl2","Ccr2",0.00174280338657426,0,"CCL2_CCR2","Ccl2  - Ccr2","CCL","Secreted Signaling","KEGG: mmu04060",0,"Control"
"DCTC","Fibroblast","Ccl2","Ccr2",0.000752474246876796,0.02,"CCL2_CCR2","Ccl2  - Ccr2","CCL","Secreted Signaling","KEGG: mmu04060",0.0202933673469388,"Control"
"Macrophage","Fibroblast","Ccl2","Ccr2",0.000895024207218665,0.01,"CCL2_CCR2","Ccl2  - Ccr2","CCL","Secreted Signaling","KEGG: mmu04060",0.0102787263497923,"Control"
"CDPC","Macrophage","Ccl2","Ccr2",0.00545729504713407,0,"CCL2_CCR2","Ccl2  - Ccr2","CCL","Secreted Signaling","KEGG: mmu04060",0,"Control"
"DCTC","Macrophage","Ccl2","Ccr2",0.0285116707043257,0,"CCL2_CCR2","Ccl2  - Ccr2","CCL","Secreted Signaling","KEGG: mmu04060",0,"Control"
"Fibroblast","Macrophage","Ccl2","Ccr2",0.0174931503175501,0,"CCL2_CCR2","Ccl2  - Ccr2","CCL","Secreted Signaling","KEGG: mmu04060",0,"Control"
"Macrophage","Macrophage","Ccl2","Ccr2",0.0337354288403538,0,"CCL2_CCR2","Ccl2  - Ccr2","CCL","Secreted Signaling","KEGG: mmu04060",0,"Control"
"Medullary cell","Macrophage","Ccl2","Ccr2",0.00551283401777474,0,"CCL2_CCR2","Ccl2  - Ccr2","CCL","Secreted Signaling","KEGG: mmu04060",0,"Control"
"Neutrophil","Macrophage","Ccl2","Ccr2",0.00078034391411513,0,"CCL2_CCR2","Ccl2  - Ccr2","CCL","Secreted Signaling","KEGG: mmu04060",0,"Control"
"NK cell","Macrophage","Ccl2","Ccr2",0.0032839968252939,0,"CCL2_CCR2","Ccl2  - Ccr2","CCL","Secreted Signaling","KEGG: mmu04060",0,"Control"
"PTC-2","Macrophage","Ccl2","Ccr2",0.00828664918569302,0,"CCL2_CCR2","Ccl2  - Ccr2","CCL","Secreted Signaling","KEGG: mmu04060",0,"Control"
"PTC-3","Macrophage","Ccl2","Ccr2",0.00134430895498908,0,"CCL2_CCR2","Ccl2  - Ccr2","CCL","Secreted Signaling","KEGG: mmu04060",0,"Control"
"CDPC","NK cell","Ccl2","Ccr2",0.000958184653818155,0,"CCL2_CCR2","Ccl2  - Ccr2","CCL","Secreted Signaling","KEGG: mmu04060",0,"Control"
"DCTC","NK cell","Ccl2","Ccr2",0.00510357493265349,0,"CCL2_CCR2","Ccl2  - Ccr2","CCL","Secreted Signaling","KEGG: mmu04060",0,"Control"
"Fibroblast","NK cell","Ccl2","Ccr2",0.00310237683017425,0,"CCL2_CCR2","Ccl2  - Ccr2","CCL","Secreted Signaling","KEGG: mmu04060",0,"Control"
"Macrophage","NK cell","Ccl2","Ccr2",0.00606540121951033,0,"CCL2_CCR2","Ccl2  - Ccr2","CCL","Secreted Signaling","KEGG: mmu04060",0,"Control"
"Medullary cell","NK cell","Ccl2","Ccr2",0.000967980677530081,0,"CCL2_CCR2","Ccl2  - Ccr2","CCL","Secreted Signaling","KEGG: mmu04060",0,"Control"
"NK cell","NK cell","Ccl2","Ccr2",0.000575562921064067,0,"CCL2_CCR2","Ccl2  - Ccr2","CCL","Secreted Signaling","KEGG: mmu04060",0,"Control"
"PTC-2","NK cell","Ccl2","Ccr2",0.00145837936791398,0,"CCL2_CCR2","Ccl2  - Ccr2","CCL","Secreted Signaling","KEGG: mmu04060",0,"Control"
"DCTC","B cell","Ccl12","Ccr2",0.0133508786166249,0,"CCL12_CCR2","Ccl12  - Ccr2","CCL","Secreted Signaling","KEGG: mmu04060",0,"Control"
"Macrophage","B cell","Ccl12","Ccr2",0.0152578779898789,0,"CCL12_CCR2","Ccl12  - Ccr2","CCL","Secreted Signaling","KEGG: mmu04060",0,"Control"
"PTC-2","B cell","Ccl12","Ccr2",0.00039179664908498,0,"CCL12_CCR2","Ccl12  - Ccr2","CCL","Secreted Signaling","KEGG: mmu04060",0,"Control"
"DCTC","DCTC","Ccl12","Ccr2",0.00326501158879215,0,"CCL12_CCR2","Ccl12  - Ccr2","CCL","Secreted Signaling","KEGG: mmu04060",0,"Control"
"Macrophage","DCTC","Ccl12","Ccr2",0.00373683228753624,0,"CCL12_CCR2","Ccl12  - Ccr2","CCL","Secreted Signaling","KEGG: mmu04060",0,"Control"
"PTC-2","DCTC","Ccl12","Ccr2",9.48740871110215e-05,0,"CCL12_CCR2","Ccl12  - Ccr2","CCL","Secreted Signaling","KEGG: mmu04060",0,"Control"
"DCTC","Fibroblast","Ccl12","Ccr2",0.000402115376689705,0,"CCL12_CCR2","Ccl12  - Ccr2","CCL","Secreted Signaling","KEGG: mmu04060",0,"Control"
"Macrophage","Fibroblast","Ccl12","Ccr2",0.00046041541853677,0,"CCL12_CCR2","Ccl12  - Ccr2","CCL","Secreted Signaling","KEGG: mmu04060",0,"Control"
"DCTC","Macrophage","Ccl12","Ccr2",0.0154360368751092,0,"CCL12_CCR2","Ccl12  - Ccr2","CCL","Secreted Signaling","KEGG: mmu04060",0,"Control"
"Macrophage","Macrophage","Ccl12","Ccr2",0.017635550379432,0,"CCL12_CCR2","Ccl12  - Ccr2","CCL","Secreted Signaling","KEGG: mmu04060",0,"Control"
"PTC-2","Macrophage","Ccl12","Ccr2",0.000453919127990038,0,"CCL12_CCR2","Ccl12  - Ccr2","CCL","Secreted Signaling","KEGG: mmu04060",0,"Control"
"DCTC","NK cell","Ccl12","Ccr2",0.00273284458336106,0,"CCL12_CCR2","Ccl12  - Ccr2","CCL","Secreted Signaling","KEGG: mmu04060",0,"Control"
"Macrophage","NK cell","Ccl12","Ccr2",0.00312800416580076,0,"CCL12_CCR2","Ccl12  - Ccr2","CCL","Secreted Signaling","KEGG: mmu04060",0,"Control"
"PTC-2","NK cell","Ccl12","Ccr2",7.93693345193457e-05,0,"CCL12_CCR2","Ccl12  - Ccr2","CCL","Secreted Signaling","KEGG: mmu04060",0,"Control"
"DCTC","PTC-3","Ccl12","Ccr2",0.000280478898531258,0,"CCL12_CCR2","Ccl12  - Ccr2","CCL","Secreted Signaling","KEGG: mmu04060",0,"Control"
"Macrophage","PTC-3","Ccl12","Ccr2",0.000321149339872191,0,"CCL12_CCR2","Ccl12  - Ccr2","CCL","Secreted Signaling","KEGG: mmu04060",0,"Control"
"Medullary cell","B cell","Ccl27a","Ccr2",0.000309410106019286,0,"CCL27A_CCR2","Ccl27a  - Ccr2","CCL","Secreted Signaling","KEGG: mmu04060",0,"Control"
"PTC-1","B cell","Ccl27a","Ccr2",4.7905147265801e-05,0,"CCL27A_CCR2","Ccl27a  - Ccr2","CCL","Secreted Signaling","KEGG: mmu04060",0,"Control"
"Medullary cell","DCTC","Ccl27a","Ccr2",7.4919395027397e-05,0,"CCL27A_CCR2","Ccl27a  - Ccr2","CCL","Secreted Signaling","KEGG: mmu04060",0,"Control"
"PTC-1","DCTC","Ccl27a","Ccr2",1.1597272395396e-05,0,"CCL27A_CCR2","Ccl27a  - Ccr2","CCL","Secreted Signaling","KEGG: mmu04060",0,"Control"
"Medullary cell","Fibroblast","Ccl27a","Ccr2",9.20117165288023e-06,0,"CCL27A_CCR2","Ccl27a  - Ccr2","CCL","Secreted Signaling","KEGG: mmu04060",0,"Control"
"PTC-1","Fibroblast","Ccl27a","Ccr2",1.42423155859937e-06,0,"CCL27A_CCR2","Ccl27a  - Ccr2","CCL","Secreted Signaling","KEGG: mmu04060",0,"Control"
"Medullary cell","Macrophage","Ccl27a","Ccr2",0.000358474227010283,0,"CCL27A_CCR2","Ccl27a  - Ccr2","CCL","Secreted Signaling","KEGG: mmu04060",0,"Control"
"PTC-1","Macrophage","Ccl27a","Ccr2",5.5503917505799e-05,0,"CCL27A_CCR2","Ccl27a  - Ccr2","CCL","Secreted Signaling","KEGG: mmu04060",0,"Control"
"Medullary cell","NK cell","Ccl27a","Ccr2",6.26755240951847e-05,0,"CCL27A_CCR2","Ccl27a  - Ccr2","CCL","Secreted Signaling","KEGG: mmu04060",0,"Control"
"PTC-1","NK cell","Ccl27a","Ccr2",9.70186161669826e-06,0,"CCL27A_CCR2","Ccl27a  - Ccr2","CCL","Secreted Signaling","KEGG: mmu04060",0,"Control"
"Medullary cell","PTC-3","Ccl27a","Ccr2",6.41713255576648e-06,0,"CCL27A_CCR2","Ccl27a  - Ccr2","CCL","Secreted Signaling","KEGG: mmu04060",0,"Control"
"PTC-1","PTC-3","Ccl27a","Ccr2",9.9329319570786e-07,0,"CCL27A_CCR2","Ccl27a  - Ccr2","CCL","Secreted Signaling","KEGG: mmu04060",0,"Control"
"B cell","B cell","Ccl4","Ccr5",0.0617462652755263,0,"CCL4_CCR5","Ccl4  - Ccr5","CCL","Secreted Signaling","KEGG: mmu04060",0,"Control"
"CDPC","B cell","Ccl4","Ccr5",0.0137637426598359,0,"CCL4_CCR5","Ccl4  - Ccr5","CCL","Secreted Signaling","KEGG: mmu04060",0,"Control"
"DCTC","B cell","Ccl4","Ccr5",0.0481858757217589,0,"CCL4_CCR5","Ccl4  - Ccr5","CCL","Secreted Signaling","KEGG: mmu04060",0,"Control"
"Fibroblast","B cell","Ccl4","Ccr5",0.0146386025588335,0,"CCL4_CCR5","Ccl4  - Ccr5","CCL","Secreted Signaling","KEGG: mmu04060",0,"Control"
"Macrophage","B cell","Ccl4","Ccr5",0.0544971388757994,0,"CCL4_CCR5","Ccl4  - Ccr5","CCL","Secreted Signaling","KEGG: mmu04060",0,"Control"
"Medullary cell","B cell","Ccl4","Ccr5",0.00911807774447218,0,"CCL4_CCR5","Ccl4  - Ccr5","CCL","Secreted Signaling","KEGG: mmu04060",0,"Control"
"Neutrophil","B cell","Ccl4","Ccr5",0.00836221541887454,0,"CCL4_CCR5","Ccl4  - Ccr5","CCL","Secreted Signaling","KEGG: mmu04060",0,"Control"
"NK cell","B cell","Ccl4","Ccr5",0.0199305836376207,0,"CCL4_CCR5","Ccl4  - Ccr5","CCL","Secreted Signaling","KEGG: mmu04060",0,"Control"
"PTC-1","B cell","Ccl4","Ccr5",0.00328978957399008,0,"CCL4_CCR5","Ccl4  - Ccr5","CCL","Secreted Signaling","KEGG: mmu04060",0,"Control"
"PTC-2","B cell","Ccl4","Ccr5",0.0183551541946459,0,"CCL4_CCR5","Ccl4  - Ccr5","CCL","Secreted Signaling","KEGG: mmu04060",0,"Control"
"PTC-3","B cell","Ccl4","Ccr5",0.00810867323752553,0,"CCL4_CCR5","Ccl4  - Ccr5","CCL","Secreted Signaling","KEGG: mmu04060",0,"Control"
"VEC","B cell","Ccl4","Ccr5",0.00521442628447896,0,"CCL4_CCR5","Ccl4  - Ccr5","CCL","Secreted Signaling","KEGG: mmu04060",0,"Control"
"B cell","DCTC","Ccl4","Ccr5",0.014855142362763,0,"CCL4_CCR5","Ccl4  - Ccr5","CCL","Secreted Signaling","KEGG: mmu04060",0,"Control"
"CDPC","DCTC","Ccl4","Ccr5",0.00318753798712625,0,"CCL4_CCR5","Ccl4  - Ccr5","CCL","Secreted Signaling","KEGG: mmu04060",0,"Control"
"DCTC","DCTC","Ccl4","Ccr5",0.0114668773585429,0,"CCL4_CCR5","Ccl4  - Ccr5","CCL","Secreted Signaling","KEGG: mmu04060",0,"Control"
"Fibroblast","DCTC","Ccl4","Ccr5",0.00339245874815801,0,"CCL4_CCR5","Ccl4  - Ccr5","CCL","Secreted Signaling","KEGG: mmu04060",0,"Control"
"Macrophage","DCTC","Ccl4","Ccr5",0.0130346416287172,0,"CCL4_CCR5","Ccl4  - Ccr5","CCL","Secreted Signaling","KEGG: mmu04060",0,"Control"
"Medullary cell","DCTC","Ccl4","Ccr5",0.00210403511212385,0,"CCL4_CCR5","Ccl4  - Ccr5","CCL","Secreted Signaling","KEGG: mmu04060",0,"Control"
"Neutrophil","DCTC","Ccl4","Ccr5",0.00192848505056403,0,"CCL4_CCR5","Ccl4  - Ccr5","CCL","Secreted Signaling","KEGG: mmu04060",0,"Control"
"NK cell","DCTC","Ccl4","Ccr5",0.0046379981158976,0,"CCL4_CCR5","Ccl4  - Ccr5","CCL","Secreted Signaling","KEGG: mmu04060",0,"Control"
"PTC-2","DCTC","Ccl4","Ccr5",0.00426612190103202,0,"CCL4_CCR5","Ccl4  - Ccr5","CCL","Secreted Signaling","KEGG: mmu04060",0,"Control"
"PTC-3","DCTC","Ccl4","Ccr5",0.00186964563933903,0,"CCL4_CCR5","Ccl4  - Ccr5","CCL","Secreted Signaling","KEGG: mmu04060",0,"Control"
"VEC","DCTC","Ccl4","Ccr5",0.0011996155466308,0.01,"CCL4_CCR5","Ccl4  - Ccr5","CCL","Secreted Signaling","KEGG: mmu04060",0.0102787263497923,"Control"
"B cell","Macrophage","Ccl4","Ccr5",0.062611928846566,0,"CCL4_CCR5","Ccl4  - Ccr5","CCL","Secreted Signaling","KEGG: mmu04060",0,"Control"
"CDPC","Macrophage","Ccl4","Ccr5",0.0139667198060829,0,"CCL4_CCR5","Ccl4  - Ccr5","CCL","Secreted Signaling","KEGG: mmu04060",0,"Control"
"DCTC","Macrophage","Ccl4","Ccr5",0.0488713293100599,0,"CCL4_CCR5","Ccl4  - Ccr5","CCL","Secreted Signaling","KEGG: mmu04060",0,"Control"
"Fibroblast","Macrophage","Ccl4","Ccr5",0.0148542871484251,0,"CCL4_CCR5","Ccl4  - Ccr5","CCL","Secreted Signaling","KEGG: mmu04060",0,"Control"
"Macrophage","Macrophage","Ccl4","Ccr5",0.0552671584053227,0,"CCL4_CCR5","Ccl4  - Ccr5","CCL","Secreted Signaling","KEGG: mmu04060",0,"Control"
"Medullary cell","Macrophage","Ccl4","Ccr5",0.00925318696851536,0,"CCL4_CCR5","Ccl4  - Ccr5","CCL","Secreted Signaling","KEGG: mmu04060",0,"Control"
"Neutrophil","Macrophage","Ccl4","Ccr5",0.008486220399926,0,"CCL4_CCR5","Ccl4  - Ccr5","CCL","Secreted Signaling","KEGG: mmu04060",0,"Control"
"NK cell","Macrophage","Ccl4","Ccr5",0.0202226398451369,0,"CCL4_CCR5","Ccl4  - Ccr5","CCL","Secreted Signaling","KEGG: mmu04060",0,"Control"
"PTC-1","Macrophage","Ccl4","Ccr5",0.00333882779246903,0,"CCL4_CCR5","Ccl4  - Ccr5","CCL","Secreted Signaling","KEGG: mmu04060",0,"Control"
"PTC-2","Macrophage","Ccl4","Ccr5",0.0186245632851296,0,"CCL4_CCR5","Ccl4  - Ccr5","CCL","Secreted Signaling","KEGG: mmu04060",0,"Control"
"PTC-3","Macrophage","Ccl4","Ccr5",0.00822894959071204,0,"CCL4_CCR5","Ccl4  - Ccr5","CCL","Secreted Signaling","KEGG: mmu04060",0,"Control"
"VEC","Macrophage","Ccl4","Ccr5",0.00529200117430706,0,"CCL4_CCR5","Ccl4  - Ccr5","CCL","Secreted Signaling","KEGG: mmu04060",0,"Control"
"B cell","NK cell","Ccl4","Ccr5",0.0259642317798339,0,"CCL4_CCR5","Ccl4  - Ccr5","CCL","Secreted Signaling","KEGG: mmu04060",0,"Control"
"CDPC","NK cell","Ccl4","Ccr5",0.0056210529954291,0,"CCL4_CCR5","Ccl4  - Ccr5","CCL","Secreted Signaling","KEGG: mmu04060",0,"Control"
"DCTC","NK cell","Ccl4","Ccr5",0.0200938100130378,0,"CCL4_CCR5","Ccl4  - Ccr5","CCL","Secreted Signaling","KEGG: mmu04060",0,"Control"
"Fibroblast","NK cell","Ccl4","Ccr5",0.0059814810412998,0,"CCL4_CCR5","Ccl4  - Ccr5","CCL","Secreted Signaling","KEGG: mmu04060",0,"Control"
"Macrophage","NK cell","Ccl4","Ccr5",0.0228138374545178,0,"CCL4_CCR5","Ccl4  - Ccr5","CCL","Secreted Signaling","KEGG: mmu04060",0,"Control"
"Medullary cell","NK cell","Ccl4","Ccr5",0.00371343510813479,0,"CCL4_CCR5","Ccl4  - Ccr5","CCL","Secreted Signaling","KEGG: mmu04060",0,"Control"
"Neutrophil","NK cell","Ccl4","Ccr5",0.00340406290258025,0,"CCL4_CCR5","Ccl4  - Ccr5","CCL","Secreted Signaling","KEGG: mmu04060",0,"Control"
"NK cell","NK cell","Ccl4","Ccr5",0.0081697862315924,0,"CCL4_CCR5","Ccl4  - Ccr5","CCL","Secreted Signaling","KEGG: mmu04060",0,"Control"
"PTC-1","NK cell","Ccl4","Ccr5",0.00133514722582728,0,"CCL4_CCR5","Ccl4  - Ccr5","CCL","Secreted Signaling","KEGG: mmu04060",0,"Control"
"PTC-2","NK cell","Ccl4","Ccr5",0.00751686862855078,0,"CCL4_CCR5","Ccl4  - Ccr5","CCL","Secreted Signaling","KEGG: mmu04060",0,"Control"
"PTC-3","NK cell","Ccl4","Ccr5",0.00330035146354733,0,"CCL4_CCR5","Ccl4  - Ccr5","CCL","Secreted Signaling","KEGG: mmu04060",0,"Control"
"VEC","NK cell","Ccl4","Ccr5",0.00211868369601036,0,"CCL4_CCR5","Ccl4  - Ccr5","CCL","Secreted Signaling","KEGG: mmu04060",0,"Control"
"B cell","B cell","Ccl5","Ccr5",0.114215117220065,0,"CCL5_CCR5","Ccl5  - Ccr5","CCL","Secreted Signaling","KEGG: mmu04060",0,"Control"
"CDPC","B cell","Ccl5","Ccr5",0.0125369248534761,0,"CCL5_CCR5","Ccl5  - Ccr5","CCL","Secreted Signaling","KEGG: mmu04060",0,"Control"
"DCTC","B cell","Ccl5","Ccr5",0.00999851254095632,0,"CCL5_CCR5","Ccl5  - Ccr5","CCL","Secreted Signaling","KEGG: mmu04060",0,"Control"
"Fibroblast","B cell","Ccl5","Ccr5",0.0166703986021914,0,"CCL5_CCR5","Ccl5  - Ccr5","CCL","Secreted Signaling","KEGG: mmu04060",0,"Control"
"Macrophage","B cell","Ccl5","Ccr5",0.00166033021321506,0,"CCL5_CCR5","Ccl5  - Ccr5","CCL","Secreted Signaling","KEGG: mmu04060",0,"Control"
"Medullary cell","B cell","Ccl5","Ccr5",0.00970557132965963,0,"CCL5_CCR5","Ccl5  - Ccr5","CCL","Secreted Signaling","KEGG: mmu04060",0,"Control"
"NK cell","B cell","Ccl5","Ccr5",0.0456739197522337,0,"CCL5_CCR5","Ccl5  - Ccr5","CCL","Secreted Signaling","KEGG: mmu04060",0,"Control"
"PTC-2","B cell","Ccl5","Ccr5",0.0073381942899458,0,"CCL5_CCR5","Ccl5  - Ccr5","CCL","Secreted Signaling","KEGG: mmu04060",0,"Control"
"VEC","B cell","Ccl5","Ccr5",0.00345715165656514,0,"CCL5_CCR5","Ccl5  - Ccr5","CCL","Secreted Signaling","KEGG: mmu04060",0,"Control"
"B cell","DCTC","Ccl5","Ccr5",0.0286969928711273,0,"CCL5_CCR5","Ccl5  - Ccr5","CCL","Secreted Signaling","KEGG: mmu04060",0,"Control"
"CDPC","DCTC","Ccl5","Ccr5",0.00290064729020687,0,"CCL5_CCR5","Ccl5  - Ccr5","CCL","Secreted Signaling","KEGG: mmu04060",0,"Control"
"DCTC","DCTC","Ccl5","Ccr5",0.00230877723169487,0,"CCL5_CCR5","Ccl5  - Ccr5","CCL","Secreted Signaling","KEGG: mmu04060",0,"Control"
"Fibroblast","DCTC","Ccl5","Ccr5",0.00386945197425251,0,"CCL5_CCR5","Ccl5  - Ccr5","CCL","Secreted Signaling","KEGG: mmu04060",0,"Control"
"Medullary cell","DCTC","Ccl5","Ccr5",0.00224062366477441,0,"CCL5_CCR5","Ccl5  - Ccr5","CCL","Secreted Signaling","KEGG: mmu04060",0,"Control"
"NK cell","DCTC","Ccl5","Ccr5",0.0108472879465452,0,"CCL5_CCR5","Ccl5  - Ccr5","CCL","Secreted Signaling","KEGG: mmu04060",0,"Control"
"PTC-2","DCTC","Ccl5","Ccr5",0.00169098291181427,0,"CCL5_CCR5","Ccl5  - Ccr5","CCL","Secreted Signaling","KEGG: mmu04060",0,"Control"
"VEC","DCTC","Ccl5","Ccr5",0.000794261853331995,0,"CCL5_CCR5","Ccl5  - Ccr5","CCL","Secreted Signaling","KEGG: mmu04060",0,"Control"
"B cell","Macrophage","Ccl5","Ccr5",0.115725648222633,0,"CCL5_CCR5","Ccl5  - Ccr5","CCL","Secreted Signaling","KEGG: mmu04060",0,"Control"
"CDPC","Macrophage","Ccl5","Ccr5",0.0127220432109182,0,"CCL5_CCR5","Ccl5  - Ccr5","CCL","Secreted Signaling","KEGG: mmu04060",0,"Control"
"DCTC","Macrophage","Ccl5","Ccr5",0.0101465342208141,0,"CCL5_CCR5","Ccl5  - Ccr5","CCL","Secreted Signaling","KEGG: mmu04060",0,"Control"
"Fibroblast","Macrophage","Ccl5","Ccr5",0.0169155056817705,0,"CCL5_CCR5","Ccl5  - Ccr5","CCL","Secreted Signaling","KEGG: mmu04060",0,"Control"
"Macrophage","Macrophage","Ccl5","Ccr5",0.00168512047083377,0,"CCL5_CCR5","Ccl5  - Ccr5","CCL","Secreted Signaling","KEGG: mmu04060",0,"Control"
"Medullary cell","Macrophage","Ccl5","Ccr5",0.00984929934535115,0,"CCL5_CCR5","Ccl5  - Ccr5","CCL","Secreted Signaling","KEGG: mmu04060",0,"Control"
"Neutrophil","Macrophage","Ccl5","Ccr5",0.000562509724572389,0.02,"CCL5_CCR5","Ccl5  - Ccr5","CCL","Secreted Signaling","KEGG: mmu04060",0.0202933673469388,"Control"
"NK cell","Macrophage","Ccl5","Ccr5",0.0463253794217857,0,"CCL5_CCR5","Ccl5  - Ccr5","CCL","Secreted Signaling","KEGG: mmu04060",0,"Control"
"PTC-1","Macrophage","Ccl5","Ccr5",0.00049017842929506,0,"CCL5_CCR5","Ccl5  - Ccr5","CCL","Secreted Signaling","KEGG: mmu04060",0,"Control"
"PTC-2","Macrophage","Ccl5","Ccr5",0.00744712789626742,0,"CCL5_CCR5","Ccl5  - Ccr5","CCL","Secreted Signaling","KEGG: mmu04060",0,"Control"
"VEC","Macrophage","Ccl5","Ccr5",0.00350867582344668,0,"CCL5_CCR5","Ccl5  - Ccr5","CCL","Secreted Signaling","KEGG: mmu04060",0,"Control"
"B cell","NK cell","Ccl5","Ccr5",0.0496358594633635,0,"CCL5_CCR5","Ccl5  - Ccr5","CCL","Secreted Signaling","KEGG: mmu04060",0,"Control"
"CDPC","NK cell","Ccl5","Ccr5",0.00511626075017665,0,"CCL5_CCR5","Ccl5  - Ccr5","CCL","Secreted Signaling","KEGG: mmu04060",0,"Control"
"DCTC","NK cell","Ccl5","Ccr5",0.0040741473698566,0,"CCL5_CCR5","Ccl5  - Ccr5","CCL","Secreted Signaling","KEGG: mmu04060",0,"Control"
"Fibroblast","NK cell","Ccl5","Ccr5",0.00682001000670185,0,"CCL5_CCR5","Ccl5  - Ccr5","CCL","Secreted Signaling","KEGG: mmu04060",0,"Control"
"Macrophage","NK cell","Ccl5","Ccr5",0.000673184121071705,0,"CCL5_CCR5","Ccl5  - Ccr5","CCL","Secreted Signaling","KEGG: mmu04060",0,"Control"
"Medullary cell","NK cell","Ccl5","Ccr5",0.0039540877861137,0,"CCL5_CCR5","Ccl5  - Ccr5","CCL","Secreted Signaling","KEGG: mmu04060",0,"Control"
"NK cell","NK cell","Ccl5","Ccr5",0.0190170492412231,0,"CCL5_CCR5","Ccl5  - Ccr5","CCL","Secreted Signaling","KEGG: mmu04060",0,"Control"
"PTC-2","NK cell","Ccl5","Ccr5",0.00298537987312311,0,"CCL5_CCR5","Ccl5  - Ccr5","CCL","Secreted Signaling","KEGG: mmu04060",0,"Control"
"VEC","NK cell","Ccl5","Ccr5",0.00140321041552168,0,"CCL5_CCR5","Ccl5  - Ccr5","CCL","Secreted Signaling","KEGG: mmu04060",0,"Control"
"B cell","B cell","Ccl3","Ccr5",0.0307386304498132,0,"CCL3_CCR5","Ccl3  - Ccr5","CCL","Secreted Signaling","KEGG: mmu04060",0,"Control"
"CDPC","B cell","Ccl3","Ccr5",0.00133956426869143,0,"CCL3_CCR5","Ccl3  - Ccr5","CCL","Secreted Signaling","KEGG: mmu04060",0,"Control"
"DCTC","B cell","Ccl3","Ccr5",0.0133735424083936,0,"CCL3_CCR5","Ccl3  - Ccr5","CCL","Secreted Signaling","KEGG: mmu04060",0,"Control"
"Fibroblast","B cell","Ccl3","Ccr5",0.00169802233616025,0,"CCL3_CCR5","Ccl3  - Ccr5","CCL","Secreted Signaling","KEGG: mmu04060",0,"Control"
"Macrophage","B cell","Ccl3","Ccr5",0.0244994930053596,0,"CCL3_CCR5","Ccl3  - Ccr5","CCL","Secreted Signaling","KEGG: mmu04060",0,"Control"
"Neutrophil","B cell","Ccl3","Ccr5",0.00493422842182378,0,"CCL3_CCR5","Ccl3  - Ccr5","CCL","Secreted Signaling","KEGG: mmu04060",0,"Control"
"NK cell","B cell","Ccl3","Ccr5",0.00288981324444309,0,"CCL3_CCR5","Ccl3  - Ccr5","CCL","Secreted Signaling","KEGG: mmu04060",0,"Control"
"PTC-2","B cell","Ccl3","Ccr5",0.00067946566220115,0,"CCL3_CCR5","Ccl3  - Ccr5","CCL","Secreted Signaling","KEGG: mmu04060",0,"Control"
"B cell","DCTC","Ccl3","Ccr5",0.00721415578915795,0,"CCL3_CCR5","Ccl3  - Ccr5","CCL","Secreted Signaling","KEGG: mmu04060",0,"Control"
"CDPC","DCTC","Ccl3","Ccr5",0.000307254732906069,0,"CCL3_CCR5","Ccl3  - Ccr5","CCL","Secreted Signaling","KEGG: mmu04060",0,"Control"
"DCTC","DCTC","Ccl3","Ccr5",0.00309623040327465,0,"CCL3_CCR5","Ccl3  - Ccr5","CCL","Secreted Signaling","KEGG: mmu04060",0,"Control"
"Fibroblast","DCTC","Ccl3","Ccr5",0.000389581721183651,0,"CCL3_CCR5","Ccl3  - Ccr5","CCL","Secreted Signaling","KEGG: mmu04060",0,"Control"
"Macrophage","DCTC","Ccl3","Ccr5",0.0057216843657865,0,"CCL3_CCR5","Ccl3  - Ccr5","CCL","Secreted Signaling","KEGG: mmu04060",0,"Control"
"Neutrophil","DCTC","Ccl3","Ccr5",0.0011349079276437,0,"CCL3_CCR5","Ccl3  - Ccr5","CCL","Secreted Signaling","KEGG: mmu04060",0,"Control"
"NK cell","DCTC","Ccl3","Ccr5",0.000663627919983023,0,"CCL3_CCR5","Ccl3  - Ccr5","CCL","Secreted Signaling","KEGG: mmu04060",0,"Control"
"PTC-2","DCTC","Ccl3","Ccr5",0.000155769124268035,0,"CCL3_CCR5","Ccl3  - Ccr5","CCL","Secreted Signaling","KEGG: mmu04060",0,"Control"
"B cell","Macrophage","Ccl3","Ccr5",0.0311840249295431,0,"CCL3_CCR5","Ccl3  - Ccr5","CCL","Secreted Signaling","KEGG: mmu04060",0,"Control"
"CDPC","Macrophage","Ccl3","Ccr5",0.00135957171791526,0,"CCL3_CCR5","Ccl3  - Ccr5","CCL","Secreted Signaling","KEGG: mmu04060",0,"Control"
"DCTC","Macrophage","Ccl3","Ccr5",0.0135708443614297,0,"CCL3_CCR5","Ccl3  - Ccr5","CCL","Secreted Signaling","KEGG: mmu04060",0,"Control"
"Fibroblast","Macrophage","Ccl3","Ccr5",0.00172337440036168,0,"CCL3_CCR5","Ccl3  - Ccr5","CCL","Secreted Signaling","KEGG: mmu04060",0,"Control"
"Macrophage","Macrophage","Ccl3","Ccr5",0.0248568024678081,0,"CCL3_CCR5","Ccl3  - Ccr5","CCL","Secreted Signaling","KEGG: mmu04060",0,"Control"
"Medullary cell","Macrophage","Ccl3","Ccr5",0.000175619432948283,0.02,"CCL3_CCR5","Ccl3  - Ccr5","CCL","Secreted Signaling","KEGG: mmu04060",0.0202933673469388,"Control"
"Neutrophil","Macrophage","Ccl3","Ccr5",0.00500765579884986,0,"CCL3_CCR5","Ccl3  - Ccr5","CCL","Secreted Signaling","KEGG: mmu04060",0,"Control"
"NK cell","Macrophage","Ccl3","Ccr5",0.00293290688503539,0,"CCL3_CCR5","Ccl3  - Ccr5","CCL","Secreted Signaling","KEGG: mmu04060",0,"Control"
"PTC-2","Macrophage","Ccl3","Ccr5",0.000689620826097717,0,"CCL3_CCR5","Ccl3  - Ccr5","CCL","Secreted Signaling","KEGG: mmu04060",0,"Control"
"B cell","NK cell","Ccl3","Ccr5",0.0126826658768798,0,"CCL3_CCR5","Ccl3  - Ccr5","CCL","Secreted Signaling","KEGG: mmu04060",0,"Control"
"CDPC","NK cell","Ccl3","Ccr5",0.00054302521067921,0,"CCL3_CCR5","Ccl3  - Ccr5","CCL","Secreted Signaling","KEGG: mmu04060",0,"Control"
"DCTC","NK cell","Ccl3","Ccr5",0.00546041880258206,0,"CCL3_CCR5","Ccl3  - Ccr5","CCL","Secreted Signaling","KEGG: mmu04060",0,"Control"
"Fibroblast","NK cell","Ccl3","Ccr5",0.000688481920171493,0,"CCL3_CCR5","Ccl3  - Ccr5","CCL","Secreted Signaling","KEGG: mmu04060",0,"Control"
"Macrophage","NK cell","Ccl3","Ccr5",0.0100703395464436,0,"CCL3_CCR5","Ccl3  - Ccr5","CCL","Secreted Signaling","KEGG: mmu04060",0,"Control"
"Neutrophil","NK cell","Ccl3","Ccr5",0.00200450076008824,0,"CCL3_CCR5","Ccl3  - Ccr5","CCL","Secreted Signaling","KEGG: mmu04060",0,"Control"
"NK cell","NK cell","Ccl3","Ccr5",0.0011725389483255,0,"CCL3_CCR5","Ccl3  - Ccr5","CCL","Secreted Signaling","KEGG: mmu04060",0,"Control"
"PTC-2","NK cell","Ccl3","Ccr5",0.000275329845631177,0,"CCL3_CCR5","Ccl3  - Ccr5","CCL","Secreted Signaling","KEGG: mmu04060",0,"Control"
"B cell","DCTC","Ccl5","Ccr1",0.0212772965070599,0,"CCL5_CCR1","Ccl5  - Ccr1","CCL","Secreted Signaling","KEGG: mmu04060",0,"NO_treated"
"NK cell","DCTC","Ccl5","Ccr1",0.0105743706053223,0,"CCL5_CCR1","Ccl5  - Ccr1","CCL","Secreted Signaling","KEGG: mmu04060",0,"NO_treated"
"B cell","Macrophage","Ccl5","Ccr1",0.0796097614426961,0,"CCL5_CCR1","Ccl5  - Ccr1","CCL","Secreted Signaling","KEGG: mmu04060",0,"NO_treated"
"Macrophage","Macrophage","Ccl5","Ccr1",0.000325577170014719,0,"CCL5_CCR1","Ccl5  - Ccr1","CCL","Secreted Signaling","KEGG: mmu04060",0,"NO_treated"
"NK cell","Macrophage","Ccl5","Ccr1",0.0407871982062337,0,"CCL5_CCR1","Ccl5  - Ccr1","CCL","Secreted Signaling","KEGG: mmu04060",0,"NO_treated"
"B cell","Neutrophil","Ccl5","Ccr1",0.212108547610895,0,"CCL5_CCR1","Ccl5  - Ccr1","CCL","Secreted Signaling","KEGG: mmu04060",0,"NO_treated"
"Macrophage","Neutrophil","Ccl5","Ccr1",0.00101263473769742,0,"CCL5_CCR1","Ccl5  - Ccr1","CCL","Secreted Signaling","KEGG: mmu04060",0,"NO_treated"
"NK cell","Neutrophil","Ccl5","Ccr1",0.116876645839555,0,"CCL5_CCR1","Ccl5  - Ccr1","CCL","Secreted Signaling","KEGG: mmu04060",0,"NO_treated"
"B cell","DCTC","Ccl3","Ccr1",0.00685537054406499,0,"CCL3_CCR1","Ccl3  - Ccr1","CCL","Secreted Signaling","KEGG: mmu04060",0,"NO_treated"
"DCTC","DCTC","Ccl3","Ccr1",0.00139936653642807,0,"CCL3_CCR1","Ccl3  - Ccr1","CCL","Secreted Signaling","KEGG: mmu04060",0,"NO_treated"
"Macrophage","DCTC","Ccl3","Ccr1",0.00336504007664397,0,"CCL3_CCR1","Ccl3  - Ccr1","CCL","Secreted Signaling","KEGG: mmu04060",0,"NO_treated"
"Neutrophil","DCTC","Ccl3","Ccr1",0.00197215249085885,0,"CCL3_CCR1","Ccl3  - Ccr1","CCL","Secreted Signaling","KEGG: mmu04060",0,"NO_treated"
"B cell","Macrophage","Ccl3","Ccr1",0.0267294219099962,0,"CCL3_CCR1","Ccl3  - Ccr1","CCL","Secreted Signaling","KEGG: mmu04060",0,"NO_treated"
"DCTC","Macrophage","Ccl3","Ccr1",0.00554450189053779,0,"CCL3_CCR1","Ccl3  - Ccr1","CCL","Secreted Signaling","KEGG: mmu04060",0,"NO_treated"
"Macrophage","Macrophage","Ccl3","Ccr1",0.013255507818483,0,"CCL3_CCR1","Ccl3  - Ccr1","CCL","Secreted Signaling","KEGG: mmu04060",0,"NO_treated"
"Neutrophil","Macrophage","Ccl3","Ccr1",0.0078007126341675,0,"CCL3_CCR1","Ccl3  - Ccr1","CCL","Secreted Signaling","KEGG: mmu04060",0,"NO_treated"
"NK cell","Macrophage","Ccl3","Ccr1",0.000899260575462188,0,"CCL3_CCR1","Ccl3  - Ccr1","CCL","Secreted Signaling","KEGG: mmu04060",0,"NO_treated"
"B cell","Neutrophil","Ccl3","Ccr1",0.0787467212908188,0,"CCL3_CCR1","Ccl3  - Ccr1","CCL","Secreted Signaling","KEGG: mmu04060",0,"NO_treated"
"DCTC","Neutrophil","Ccl3","Ccr1",0.0170570127447717,0,"CCL3_CCR1","Ccl3  - Ccr1","CCL","Secreted Signaling","KEGG: mmu04060",0,"NO_treated"
"Macrophage","Neutrophil","Ccl3","Ccr1",0.0401328720829578,0,"CCL3_CCR1","Ccl3  - Ccr1","CCL","Secreted Signaling","KEGG: mmu04060",0,"NO_treated"
"Neutrophil","Neutrophil","Ccl3","Ccr1",0.0238854602035666,0,"CCL3_CCR1","Ccl3  - Ccr1","CCL","Secreted Signaling","KEGG: mmu04060",0,"NO_treated"
"NK cell","Neutrophil","Ccl3","Ccr1",0.00279356517763035,0,"CCL3_CCR1","Ccl3  - Ccr1","CCL","Secreted Signaling","KEGG: mmu04060",0,"NO_treated"
"DCTC","DCTC","Ccl9","Ccr1",0.00337518704891274,0,"CCL9_CCR1","Ccl9  - Ccr1","CCL","Secreted Signaling","KEGG: mmu04060",0,"NO_treated"
"Macrophage","DCTC","Ccl9","Ccr1",0.00604904882738593,0,"CCL9_CCR1","Ccl9  - Ccr1","CCL","Secreted Signaling","KEGG: mmu04060",0,"NO_treated"
"DCTC","Macrophage","Ccl9","Ccr1",0.0132950807479116,0,"CCL9_CCR1","Ccl9  - Ccr1","CCL","Secreted Signaling","KEGG: mmu04060",0,"NO_treated"
"Macrophage","Macrophage","Ccl9","Ccr1",0.0236411787397115,0,"CCL9_CCR1","Ccl9  - Ccr1","CCL","Secreted Signaling","KEGG: mmu04060",0,"NO_treated"
"DCTC","Neutrophil","Ccl9","Ccr1",0.0402494115868218,0,"CCL9_CCR1","Ccl9  - Ccr1","CCL","Secreted Signaling","KEGG: mmu04060",0,"NO_treated"
"Macrophage","Neutrophil","Ccl9","Ccr1",0.0700812949878245,0,"CCL9_CCR1","Ccl9  - Ccr1","CCL","Secreted Signaling","KEGG: mmu04060",0,"NO_treated"
"DCTC","DCTC","Ccl6","Ccr1",0.00377285735823249,0,"CCL6_CCR1","Ccl6  - Ccr1","CCL","Secreted Signaling","KEGG: mmu04060",0,"NO_treated"
"Macrophage","DCTC","Ccl6","Ccr1",0.00720392137050276,0,"CCL6_CCR1","Ccl6  - Ccr1","CCL","Secreted Signaling","KEGG: mmu04060",0,"NO_treated"
"Neutrophil","DCTC","Ccl6","Ccr1",0.00843442093431561,0,"CCL6_CCR1","Ccl6  - Ccr1","CCL","Secreted Signaling","KEGG: mmu04060",0,"NO_treated"
"DCTC","Macrophage","Ccl6","Ccr1",0.0148441216434841,0,"CCL6_CCR1","Ccl6  - Ccr1","CCL","Secreted Signaling","KEGG: mmu04060",0,"NO_treated"
"Macrophage","Macrophage","Ccl6","Ccr1",0.0280598891980036,0,"CCL6_CCR1","Ccl6  - Ccr1","CCL","Secreted Signaling","KEGG: mmu04060",0,"NO_treated"
"Neutrophil","Macrophage","Ccl6","Ccr1",0.0327353275589347,0,"CCL6_CCR1","Ccl6  - Ccr1","CCL","Secreted Signaling","KEGG: mmu04060",0,"NO_treated"
"DCTC","Neutrophil","Ccl6","Ccr1",0.0447963853059226,0,"CCL6_CCR1","Ccl6  - Ccr1","CCL","Secreted Signaling","KEGG: mmu04060",0,"NO_treated"
"Macrophage","Neutrophil","Ccl6","Ccr1",0.0824470367680022,0,"CCL6_CCR1","Ccl6  - Ccr1","CCL","Secreted Signaling","KEGG: mmu04060",0,"NO_treated"
"Neutrophil","Neutrophil","Ccl6","Ccr1",0.0952961322402362,0,"CCL6_CCR1","Ccl6  - Ccr1","CCL","Secreted Signaling","KEGG: mmu04060",0,"NO_treated"
"DCTC","DCTC","Ccl7","Ccr1",0.00148067727534336,0,"CCL7_CCR1","Ccl7  - Ccr1","CCL","Secreted Signaling","KEGG: mmu04060",0,"NO_treated"
"Macrophage","DCTC","Ccl7","Ccr1",0.00184695661095293,0,"CCL7_CCR1","Ccl7  - Ccr1","CCL","Secreted Signaling","KEGG: mmu04060",0,"NO_treated"
"DCTC","Macrophage","Ccl7","Ccr1",0.00586525268413341,0,"CCL7_CCR1","Ccl7  - Ccr1","CCL","Secreted Signaling","KEGG: mmu04060",0,"NO_treated"
"Macrophage","Macrophage","Ccl7","Ccr1",0.00730821844015724,0,"CCL7_CCR1","Ccl7  - Ccr1","CCL","Secreted Signaling","KEGG: mmu04060",0,"NO_treated"
"CDPC","Neutrophil","Ccl7","Ccr1",0.000553354157046599,0.02,"CCL7_CCR1","Ccl7  - Ccr1","CCL","Secreted Signaling","KEGG: mmu04060",0.0203571140017775,"NO_treated"
"DCTC","Neutrophil","Ccl7","Ccr1",0.0180316890243699,0,"CCL7_CCR1","Ccl7  - Ccr1","CCL","Secreted Signaling","KEGG: mmu04060",0,"NO_treated"
"Fibroblast","Neutrophil","Ccl7","Ccr1",0.000697835407726776,0.01,"CCL7_CCR1","Ccl7  - Ccr1","CCL","Secreted Signaling","KEGG: mmu04060",0.0103127046496398,"NO_treated"
"Macrophage","Neutrophil","Ccl7","Ccr1",0.022400389802885,0,"CCL7_CCR1","Ccl7  - Ccr1","CCL","Secreted Signaling","KEGG: mmu04060",0,"NO_treated"
"DCTC","B cell","Ccl6","Ccr2",0.0210241667399389,0,"CCL6_CCR2","Ccl6  - Ccr2","CCL","Secreted Signaling","KEGG: mmu04060",0,"NO_treated"
"Macrophage","B cell","Ccl6","Ccr2",0.0395213203321753,0,"CCL6_CCR2","Ccl6  - Ccr2","CCL","Secreted Signaling","KEGG: mmu04060",0,"NO_treated"
"Neutrophil","B cell","Ccl6","Ccr2",0.0460160870151604,0,"CCL6_CCR2","Ccl6  - Ccr2","CCL","Secreted Signaling","KEGG: mmu04060",0,"NO_treated"
"DCTC","DCTC","Ccl6","Ccr2",0.0129808602978284,0,"CCL6_CCR2","Ccl6  - Ccr2","CCL","Secreted Signaling","KEGG: mmu04060",0,"NO_treated"
"Macrophage","DCTC","Ccl6","Ccr2",0.0245791484095538,0,"CCL6_CCR2","Ccl6  - Ccr2","CCL","Secreted Signaling","KEGG: mmu04060",0,"NO_treated"
"Neutrophil","DCTC","Ccl6","Ccr2",0.0286917342339335,0,"CCL6_CCR2","Ccl6  - Ccr2","CCL","Secreted Signaling","KEGG: mmu04060",0,"NO_treated"
"DCTC","Macrophage","Ccl6","Ccr2",0.0248916232363174,0,"CCL6_CCR2","Ccl6  - Ccr2","CCL","Secreted Signaling","KEGG: mmu04060",0,"NO_treated"
"Macrophage","Macrophage","Ccl6","Ccr2",0.0466293134271273,0,"CCL6_CCR2","Ccl6  - Ccr2","CCL","Secreted Signaling","KEGG: mmu04060",0,"NO_treated"
"Neutrophil","Macrophage","Ccl6","Ccr2",0.054226229769839,0,"CCL6_CCR2","Ccl6  - Ccr2","CCL","Secreted Signaling","KEGG: mmu04060",0,"NO_treated"
"DCTC","NK cell","Ccl6","Ccr2",0.00971398095749923,0,"CCL6_CCR2","Ccl6  - Ccr2","CCL","Secreted Signaling","KEGG: mmu04060",0,"NO_treated"
"Macrophage","NK cell","Ccl6","Ccr2",0.0184478964893373,0,"CCL6_CCR2","Ccl6  - Ccr2","CCL","Secreted Signaling","KEGG: mmu04060",0,"NO_treated"
"Neutrophil","NK cell","Ccl6","Ccr2",0.0215572730490843,0,"CCL6_CCR2","Ccl6  - Ccr2","CCL","Secreted Signaling","KEGG: mmu04060",0,"NO_treated"
"DCTC","B cell","Ccl7","Ccr2",0.00833877156148509,0,"CCL7_CCR2","Ccl7  - Ccr2","CCL","Secreted Signaling","KEGG: mmu04060",0,"NO_treated"
"Macrophage","B cell","Ccl7","Ccr2",0.0103839146260112,0,"CCL7_CCR2","Ccl7  - Ccr2","CCL","Secreted Signaling","KEGG: mmu04060",0,"NO_treated"
"DCTC","DCTC","Ccl7","Ccr2",0.00512317437564097,0,"CCL7_CCR2","Ccl7  - Ccr2","CCL","Secreted Signaling","KEGG: mmu04060",0,"NO_treated"
"Macrophage","DCTC","Ccl7","Ccr2",0.00638474700799877,0,"CCL7_CCR2","Ccl7  - Ccr2","CCL","Secreted Signaling","KEGG: mmu04060",0,"NO_treated"
"DCTC","Macrophage","Ccl7","Ccr2",0.00989630190726605,0,"CCL7_CCR2","Ccl7  - Ccr2","CCL","Secreted Signaling","KEGG: mmu04060",0,"NO_treated"
"Fibroblast","Macrophage","Ccl7","Ccr2",0.000379965742172359,0.04,"CCL7_CCR2","Ccl7  - Ccr2","CCL","Secreted Signaling","KEGG: mmu04060",0.04,"NO_treated"
"Macrophage","Macrophage","Ccl7","Ccr2",0.0123186951180791,0,"CCL7_CCR2","Ccl7  - Ccr2","CCL","Secreted Signaling","KEGG: mmu04060",0,"NO_treated"
"DCTC","NK cell","Ccl7","Ccr2",0.00382616462937027,0,"CCL7_CCR2","Ccl7  - Ccr2","CCL","Secreted Signaling","KEGG: mmu04060",0,"NO_treated"
"Macrophage","NK cell","Ccl7","Ccr2",0.00476988218509978,0,"CCL7_CCR2","Ccl7  - Ccr2","CCL","Secreted Signaling","KEGG: mmu04060",0,"NO_treated"
"DCTC","B cell","Ccl2","Ccr2",0.018517395088551,0,"CCL2_CCR2","Ccl2  - Ccr2","CCL","Secreted Signaling","KEGG: mmu04060",0,"NO_treated"
"Macrophage","B cell","Ccl2","Ccr2",0.029901690764547,0,"CCL2_CCR2","Ccl2  - Ccr2","CCL","Secreted Signaling","KEGG: mmu04060",0,"NO_treated"
"Neutrophil","B cell","Ccl2","Ccr2",0.00126234375833494,0.03,"CCL2_CCR2","Ccl2  - Ccr2","CCL","Secreted Signaling","KEGG: mmu04060",0.0302134463186506,"NO_treated"
"PTC-2","B cell","Ccl2","Ccr2",0.00264984848914037,0,"CCL2_CCR2","Ccl2  - Ccr2","CCL","Secreted Signaling","KEGG: mmu04060",0,"NO_treated"
"DCTC","DCTC","Ccl2","Ccr2",0.0114219259515739,0,"CCL2_CCR2","Ccl2  - Ccr2","CCL","Secreted Signaling","KEGG: mmu04060",0,"NO_treated"
"Macrophage","DCTC","Ccl2","Ccr2",0.0185263440785979,0,"CCL2_CCR2","Ccl2  - Ccr2","CCL","Secreted Signaling","KEGG: mmu04060",0,"NO_treated"
"PTC-2","DCTC","Ccl2","Ccr2",0.00162442032576629,0.02,"CCL2_CCR2","Ccl2  - Ccr2","CCL","Secreted Signaling","KEGG: mmu04060",0.0203571140017775,"NO_treated"
"DCTC","Macrophage","Ccl2","Ccr2",0.0219340552825237,0,"CCL2_CCR2","Ccl2  - Ccr2","CCL","Secreted Signaling","KEGG: mmu04060",0,"NO_treated"
"Fibroblast","Macrophage","Ccl2","Ccr2",0.00187691336265063,0.04,"CCL2_CCR2","Ccl2  - Ccr2","CCL","Secreted Signaling","KEGG: mmu04060",0.04,"NO_treated"
"Macrophage","Macrophage","Ccl2","Ccr2",0.0353432369157793,0,"CCL2_CCR2","Ccl2  - Ccr2","CCL","Secreted Signaling","KEGG: mmu04060",0,"NO_treated"
"Neutrophil","Macrophage","Ccl2","Ccr2",0.00150012599565728,0,"CCL2_CCR2","Ccl2  - Ccr2","CCL","Secreted Signaling","KEGG: mmu04060",0,"NO_treated"
"PTC-2","Macrophage","Ccl2","Ccr2",0.00314816515620275,0,"CCL2_CCR2","Ccl2  - Ccr2","CCL","Secreted Signaling","KEGG: mmu04060",0,"NO_treated"
"DCTC","NK cell","Ccl2","Ccr2",0.00854398577117768,0,"CCL2_CCR2","Ccl2  - Ccr2","CCL","Secreted Signaling","KEGG: mmu04060",0,"NO_treated"
"Macrophage","NK cell","Ccl2","Ccr2",0.0138834696763799,0,"CCL2_CCR2","Ccl2  - Ccr2","CCL","Secreted Signaling","KEGG: mmu04060",0,"NO_treated"
"PTC-2","NK cell","Ccl2","Ccr2",0.00121209438304823,0.02,"CCL2_CCR2","Ccl2  - Ccr2","CCL","Secreted Signaling","KEGG: mmu04060",0.0203571140017775,"NO_treated"
"DCTC","B cell","Ccl12","Ccr2",0.00867176693325748,0,"CCL12_CCR2","Ccl12  - Ccr2","CCL","Secreted Signaling","KEGG: mmu04060",0,"NO_treated"
"Macrophage","B cell","Ccl12","Ccr2",0.0112012673483508,0,"CCL12_CCR2","Ccl12  - Ccr2","CCL","Secreted Signaling","KEGG: mmu04060",0,"NO_treated"
"DCTC","DCTC","Ccl12","Ccr2",0.00532845004643537,0,"CCL12_CCR2","Ccl12  - Ccr2","CCL","Secreted Signaling","KEGG: mmu04060",0,"NO_treated"
"Macrophage","DCTC","Ccl12","Ccr2",0.00688950333216859,0,"CCL12_CCR2","Ccl12  - Ccr2","CCL","Secreted Signaling","KEGG: mmu04060",0,"NO_treated"
"DCTC","Macrophage","Ccl12","Ccr2",0.010290849290443,0,"CCL12_CCR2","Ccl12  - Ccr2","CCL","Secreted Signaling","KEGG: mmu04060",0,"NO_treated"
"Macrophage","Macrophage","Ccl12","Ccr2",0.0132862962553857,0,"CCL12_CCR2","Ccl12  - Ccr2","CCL","Secreted Signaling","KEGG: mmu04060",0,"NO_treated"
"DCTC","NK cell","Ccl12","Ccr2",0.00397967951632652,0,"CCL12_CCR2","Ccl12  - Ccr2","CCL","Secreted Signaling","KEGG: mmu04060",0,"NO_treated"
"Macrophage","NK cell","Ccl12","Ccr2",0.0051476342028603,0,"CCL12_CCR2","Ccl12  - Ccr2","CCL","Secreted Signaling","KEGG: mmu04060",0,"NO_treated"
"CDPC","B cell","Ccl27a","Ccr2",0.00388010410267381,0,"CCL27A_CCR2","Ccl27a  - Ccr2","CCL","Secreted Signaling","KEGG: mmu04060",0,"NO_treated"
"Fibroblast","B cell","Ccl27a","Ccr2",0.000574678403276842,0,"CCL27A_CCR2","Ccl27a  - Ccr2","CCL","Secreted Signaling","KEGG: mmu04060",0,"NO_treated"
"Medullary cell","B cell","Ccl27a","Ccr2",0.00274722784248141,0,"CCL27A_CCR2","Ccl27a  - Ccr2","CCL","Secreted Signaling","KEGG: mmu04060",0,"NO_treated"
"PTC-1","B cell","Ccl27a","Ccr2",0.000196575178249689,0,"CCL27A_CCR2","Ccl27a  - Ccr2","CCL","Secreted Signaling","KEGG: mmu04060",0,"NO_treated"
"PTC-3","B cell","Ccl27a","Ccr2",0.00164424750939773,0,"CCL27A_CCR2","Ccl27a  - Ccr2","CCL","Secreted Signaling","KEGG: mmu04060",0,"NO_treated"
"CDPC","DCTC","Ccl27a","Ccr2",0.00237973231192763,0,"CCL27A_CCR2","Ccl27a  - Ccr2","CCL","Secreted Signaling","KEGG: mmu04060",0,"NO_treated"
"Fibroblast","DCTC","Ccl27a","Ccr2",0.000352008139821538,0,"CCL27A_CCR2","Ccl27a  - Ccr2","CCL","Secreted Signaling","KEGG: mmu04060",0,"NO_treated"
"Medullary cell","DCTC","Ccl27a","Ccr2",0.00168417982636383,0,"CCL27A_CCR2","Ccl27a  - Ccr2","CCL","Secreted Signaling","KEGG: mmu04060",0,"NO_treated"
"PTC-1","DCTC","Ccl27a","Ccr2",0.000120390675262461,0,"CCL27A_CCR2","Ccl27a  - Ccr2","CCL","Secreted Signaling","KEGG: mmu04060",0,"NO_treated"
"PTC-3","DCTC","Ccl27a","Ccr2",0.00100756980937321,0,"CCL27A_CCR2","Ccl27a  - Ccr2","CCL","Secreted Signaling","KEGG: mmu04060",0,"NO_treated"
"CDPC","Macrophage","Ccl27a","Ccr2",0.00460870713255933,0,"CCL27A_CCR2","Ccl27a  - Ccr2","CCL","Secreted Signaling","KEGG: mmu04060",0,"NO_treated"
"Fibroblast","Macrophage","Ccl27a","Ccr2",0.000683016674791797,0,"CCL27A_CCR2","Ccl27a  - Ccr2","CCL","Secreted Signaling","KEGG: mmu04060",0,"NO_treated"
"Medullary cell","Macrophage","Ccl27a","Ccr2",0.00326379723454983,0,"CCL27A_CCR2","Ccl27a  - Ccr2","CCL","Secreted Signaling","KEGG: mmu04060",0,"NO_treated"
"PTC-1","Macrophage","Ccl27a","Ccr2",0.000233650160430017,0,"CCL27A_CCR2","Ccl27a  - Ccr2","CCL","Secreted Signaling","KEGG: mmu04060",0,"NO_treated"
"PTC-3","Macrophage","Ccl27a","Ccr2",0.00195382657437739,0,"CCL27A_CCR2","Ccl27a  - Ccr2","CCL","Secreted Signaling","KEGG: mmu04060",0,"NO_treated"
"CDPC","NK cell","Ccl27a","Ccr2",0.00177602689346471,0,"CCL27A_CCR2","Ccl27a  - Ccr2","CCL","Secreted Signaling","KEGG: mmu04060",0,"NO_treated"
"Fibroblast","NK cell","Ccl27a","Ccr2",0.000262573115807453,0,"CCL27A_CCR2","Ccl27a  - Ccr2","CCL","Secreted Signaling","KEGG: mmu04060",0,"NO_treated"
"Medullary cell","NK cell","Ccl27a","Ccr2",0.00125670424782743,0,"CCL27A_CCR2","Ccl27a  - Ccr2","CCL","Secreted Signaling","KEGG: mmu04060",0,"NO_treated"
"PTC-1","NK cell","Ccl27a","Ccr2",8.97976221425584e-05,0,"CCL27A_CCR2","Ccl27a  - Ccr2","CCL","Secreted Signaling","KEGG: mmu04060",0,"NO_treated"
"PTC-3","NK cell","Ccl27a","Ccr2",0.000751700890348231,0,"CCL27A_CCR2","Ccl27a  - Ccr2","CCL","Secreted Signaling","KEGG: mmu04060",0,"NO_treated"
"B cell","B cell","Ccl4","Ccr5",0.0631282095727226,0,"CCL4_CCR5","Ccl4  - Ccr5","CCL","Secreted Signaling","KEGG: mmu04060",0,"NO_treated"
"DCTC","B cell","Ccl4","Ccr5",0.0268386265077237,0,"CCL4_CCR5","Ccl4  - Ccr5","CCL","Secreted Signaling","KEGG: mmu04060",0,"NO_treated"
"Macrophage","B cell","Ccl4","Ccr5",0.039279914438769,0,"CCL4_CCR5","Ccl4  - Ccr5","CCL","Secreted Signaling","KEGG: mmu04060",0,"NO_treated"
"Neutrophil","B cell","Ccl4","Ccr5",0.00602658851680518,0,"CCL4_CCR5","Ccl4  - Ccr5","CCL","Secreted Signaling","KEGG: mmu04060",0,"NO_treated"
"NK cell","B cell","Ccl4","Ccr5",0.0123943155574205,0,"CCL4_CCR5","Ccl4  - Ccr5","CCL","Secreted Signaling","KEGG: mmu04060",0,"NO_treated"
"B cell","DCTC","Ccl4","Ccr5",0.0245619350408317,0,"CCL4_CCR5","Ccl4  - Ccr5","CCL","Secreted Signaling","KEGG: mmu04060",0,"NO_treated"
"DCTC","DCTC","Ccl4","Ccr5",0.0102009827145989,0,"CCL4_CCR5","Ccl4  - Ccr5","CCL","Secreted Signaling","KEGG: mmu04060",0,"NO_treated"
"Macrophage","DCTC","Ccl4","Ccr5",0.0150490073485426,0,"CCL4_CCR5","Ccl4  - Ccr5","CCL","Secreted Signaling","KEGG: mmu04060",0,"NO_treated"
"NK cell","DCTC","Ccl4","Ccr5",0.00466795353750371,0,"CCL4_CCR5","Ccl4  - Ccr5","CCL","Secreted Signaling","KEGG: mmu04060",0,"NO_treated"
"B cell","Macrophage","Ccl4","Ccr5",0.0646475072811779,0,"CCL4_CCR5","Ccl4  - Ccr5","CCL","Secreted Signaling","KEGG: mmu04060",0,"NO_treated"
"DCTC","Macrophage","Ccl4","Ccr5",0.0275101936619922,0,"CCL4_CCR5","Ccl4  - Ccr5","CCL","Secreted Signaling","KEGG: mmu04060",0,"NO_treated"
"Macrophage","Macrophage","Ccl4","Ccr5",0.0402499168061997,0,"CCL4_CCR5","Ccl4  - Ccr5","CCL","Secreted Signaling","KEGG: mmu04060",0,"NO_treated"
"Neutrophil","Macrophage","Ccl4","Ccr5",0.00618069576684497,0,"CCL4_CCR5","Ccl4  - Ccr5","CCL","Secreted Signaling","KEGG: mmu04060",0,"NO_treated"
"NK cell","Macrophage","Ccl4","Ccr5",0.0127091713983568,0,"CCL4_CCR5","Ccl4  - Ccr5","CCL","Secreted Signaling","KEGG: mmu04060",0,"NO_treated"
"B cell","NK cell","Ccl4","Ccr5",0.0508004901581917,0,"CCL4_CCR5","Ccl4  - Ccr5","CCL","Secreted Signaling","KEGG: mmu04060",0,"NO_treated"
"DCTC","NK cell","Ccl4","Ccr5",0.0214354203011004,0,"CCL4_CCR5","Ccl4  - Ccr5","CCL","Secreted Signaling","KEGG: mmu04060",0,"NO_treated"
"Macrophage","NK cell","Ccl4","Ccr5",0.0314529561994544,0,"CCL4_CCR5","Ccl4  - Ccr5","CCL","Secreted Signaling","KEGG: mmu04060",0,"NO_treated"
"Neutrophil","NK cell","Ccl4","Ccr5",0.00479266889650526,0,"CCL4_CCR5","Ccl4  - Ccr5","CCL","Secreted Signaling","KEGG: mmu04060",0,"NO_treated"
"NK cell","NK cell","Ccl4","Ccr5",0.00986957522215855,0,"CCL4_CCR5","Ccl4  - Ccr5","CCL","Secreted Signaling","KEGG: mmu04060",0,"NO_treated"
"B cell","B cell","Ccl5","Ccr5",0.107187532702454,0,"CCL5_CCR5","Ccl5  - Ccr5","CCL","Secreted Signaling","KEGG: mmu04060",0,"NO_treated"
"Macrophage","B cell","Ccl5","Ccr5",0.000451844286407829,0.01,"CCL5_CCR5","Ccl5  - Ccr5","CCL","Secreted Signaling","KEGG: mmu04060",0.0103127046496398,"NO_treated"
"NK cell","B cell","Ccl5","Ccr5",0.0557306986414932,0,"CCL5_CCR5","Ccl5  - Ccr5","CCL","Secreted Signaling","KEGG: mmu04060",0,"NO_treated"
"B cell","DCTC","Ccl5","Ccr5",0.0429381758862772,0,"CCL5_CCR5","Ccl5  - Ccr5","CCL","Secreted Signaling","KEGG: mmu04060",0,"NO_treated"
"NK cell","DCTC","Ccl5","Ccr5",0.0215796143343787,0,"CCL5_CCR5","Ccl5  - Ccr5","CCL","Secreted Signaling","KEGG: mmu04060",0,"NO_treated"
"B cell","Macrophage","Ccl5","Ccr5",0.109643103747683,0,"CCL5_CCR5","Ccl5  - Ccr5","CCL","Secreted Signaling","KEGG: mmu04060",0,"NO_treated"
"Macrophage","Macrophage","Ccl5","Ccr5",0.000463464967172609,0,"CCL5_CCR5","Ccl5  - Ccr5","CCL","Secreted Signaling","KEGG: mmu04060",0,"NO_treated"
"NK cell","Macrophage","Ccl5","Ccr5",0.0570828090121403,0,"CCL5_CCR5","Ccl5  - Ccr5","CCL","Secreted Signaling","KEGG: mmu04060",0,"NO_treated"
"B cell","NK cell","Ccl5","Ccr5",0.0870553678821047,0,"CCL5_CCR5","Ccl5  - Ccr5","CCL","Secreted Signaling","KEGG: mmu04060",0,"NO_treated"
"Macrophage","NK cell","Ccl5","Ccr5",0.000358918840416367,0.01,"CCL5_CCR5","Ccl5  - Ccr5","CCL","Secreted Signaling","KEGG: mmu04060",0.0103127046496398,"NO_treated"
"NK cell","NK cell","Ccl5","Ccr5",0.0447785247984397,0,"CCL5_CCR5","Ccl5  - Ccr5","CCL","Secreted Signaling","KEGG: mmu04060",0,"NO_treated"
"B cell","B cell","Ccl3","Ccr5",0.036719637703346,0,"CCL3_CCR5","Ccl3  - Ccr5","CCL","Secreted Signaling","KEGG: mmu04060",0,"NO_treated"
"DCTC","B cell","Ccl3","Ccr5",0.00767925278341461,0,"CCL3_CCR5","Ccl3  - Ccr5","CCL","Secreted Signaling","KEGG: mmu04060",0,"NO_treated"
"Macrophage","B cell","Ccl3","Ccr5",0.0183045123604357,0,"CCL3_CCR5","Ccl3  - Ccr5","CCL","Secreted Signaling","KEGG: mmu04060",0,"NO_treated"
"Neutrophil","B cell","Ccl3","Ccr5",0.0107947230050637,0,"CCL3_CCR5","Ccl3  - Ccr5","CCL","Secreted Signaling","KEGG: mmu04060",0,"NO_treated"
"NK cell","B cell","Ccl3","Ccr5",0.00124773902498207,0,"CCL3_CCR5","Ccl3  - Ccr5","CCL","Secreted Signaling","KEGG: mmu04060",0,"NO_treated"
"B cell","DCTC","Ccl3","Ccr5",0.0140450191459476,0,"CCL3_CCR5","Ccl3  - Ccr5","CCL","Secreted Signaling","KEGG: mmu04060",0,"NO_treated"
"DCTC","DCTC","Ccl3","Ccr5",0.00288358215182896,0,"CCL3_CCR5","Ccl3  - Ccr5","CCL","Secreted Signaling","KEGG: mmu04060",0,"NO_treated"
"Macrophage","DCTC","Ccl3","Ccr5",0.00691966896735925,0,"CCL3_CCR5","Ccl3  - Ccr5","CCL","Secreted Signaling","KEGG: mmu04060",0,"NO_treated"
"Neutrophil","DCTC","Ccl3","Ccr5",0.0040614134864351,0,"CCL3_CCR5","Ccl3  - Ccr5","CCL","Secreted Signaling","KEGG: mmu04060",0,"NO_treated"
"B cell","Macrophage","Ccl3","Ccr5",0.037628891381976,0,"CCL3_CCR5","Ccl3  - Ccr5","CCL","Secreted Signaling","KEGG: mmu04060",0,"NO_treated"
"DCTC","Macrophage","Ccl3","Ccr5",0.00787528585042313,0,"CCL3_CCR5","Ccl3  - Ccr5","CCL","Secreted Signaling","KEGG: mmu04060",0,"NO_treated"
"Macrophage","Macrophage","Ccl3","Ccr5",0.0187666534301455,0,"CCL3_CCR5","Ccl3  - Ccr5","CCL","Secreted Signaling","KEGG: mmu04060",0,"NO_treated"
"Neutrophil","Macrophage","Ccl3","Ccr5",0.0110693994519598,0,"CCL3_CCR5","Ccl3  - Ccr5","CCL","Secreted Signaling","KEGG: mmu04060",0,"NO_treated"
"NK cell","Macrophage","Ccl3","Ccr5",0.0012798025815756,0,"CCL3_CCR5","Ccl3  - Ccr5","CCL","Secreted Signaling","KEGG: mmu04060",0,"NO_treated"
"B cell","NK cell","Ccl3","Ccr5",0.0293872377056689,0,"CCL3_CCR5","Ccl3  - Ccr5","CCL","Secreted Signaling","KEGG: mmu04060",0,"NO_treated"
"DCTC","NK cell","Ccl3","Ccr5",0.00610903652655303,0,"CCL3_CCR5","Ccl3  - Ccr5","CCL","Secreted Signaling","KEGG: mmu04060",0,"NO_treated"
"Macrophage","NK cell","Ccl3","Ccr5",0.0145936462472589,0,"CCL3_CCR5","Ccl3  - Ccr5","CCL","Secreted Signaling","KEGG: mmu04060",0,"NO_treated"
"Neutrophil","NK cell","Ccl3","Ccr5",0.00859298695669682,0,"CCL3_CCR5","Ccl3  - Ccr5","CCL","Secreted Signaling","KEGG: mmu04060",0,"NO_treated"
"NK cell","NK cell","Ccl3","Ccr5",0.000991293694685494,0,"CCL3_CCR5","Ccl3  - Ccr5","CCL","Secreted Signaling","KEGG: mmu04060",0,"NO_treated"
"B cell","NK cell","Ccl25","Ccr9",5.27503507100245e-05,0,"CCL25_CCR9","Ccl25  - Ccr9","CCL","Secreted Signaling","KEGG: mmu04060",0,"NO_treated"
"CDPC","NK cell","Ccl25","Ccr9",3.69390230973218e-05,0,"CCL25_CCR9","Ccl25  - Ccr9","CCL","Secreted Signaling","KEGG: mmu04060",0,"NO_treated"
"Fibroblast","NK cell","Ccl25","Ccr9",5.63779922723042e-05,0,"CCL25_CCR9","Ccl25  - Ccr9","CCL","Secreted Signaling","KEGG: mmu04060",0,"NO_treated"
"Macrophage","NK cell","Ccl25","Ccr9",2.96545547937336e-05,0,"CCL25_CCR9","Ccl25  - Ccr9","CCL","Secreted Signaling","KEGG: mmu04060",0,"NO_treated"
"Medullary cell","NK cell","Ccl25","Ccr9",8.53392362025481e-05,0,"CCL25_CCR9","Ccl25  - Ccr9","CCL","Secreted Signaling","KEGG: mmu04060",0,"NO_treated"
"NK cell","NK cell","Ccl25","Ccr9",1.8123295871534e-05,0,"CCL25_CCR9","Ccl25  - Ccr9","CCL","Secreted Signaling","KEGG: mmu04060",0,"NO_treated"
"PTC-1","NK cell","Ccl25","Ccr9",7.13202156177447e-05,0,"CCL25_CCR9","Ccl25  - Ccr9","CCL","Secreted Signaling","KEGG: mmu04060",0,"NO_treated"
